-- --------------------------------------------------------
-- Servidor:                     localhost
-- Versão do servidor:           8.4.3 - MySQL Community Server - GPL
-- OS do Servidor:               Win64
-- HeidiSQL Versão:              12.10.0.7000
-- --------------------------------------------------------

/*!40101 SET @OLD_CHARACTER_SET_CLIENT=@@CHARACTER_SET_CLIENT */;
/*!40101 SET NAMES utf8 */;
/*!50503 SET NAMES utf8mb4 */;
/*!40103 SET @OLD_TIME_ZONE=@@TIME_ZONE */;
/*!40103 SET TIME_ZONE='+00:00' */;
/*!40014 SET @OLD_FOREIGN_KEY_CHECKS=@@FOREIGN_KEY_CHECKS, FOREIGN_KEY_CHECKS=0 */;
/*!40101 SET @OLD_SQL_MODE=@@SQL_MODE, SQL_MODE='NO_AUTO_VALUE_ON_ZERO' */;
/*!40111 SET @OLD_SQL_NOTES=@@SQL_NOTES, SQL_NOTES=0 */;


-- Copiando estrutura do banco de dados para chamadosv2
CREATE DATABASE IF NOT EXISTS `chamadosv2` /*!40100 DEFAULT CHARACTER SET utf8mb4 COLLATE utf8mb4_general_ci */ /*!80016 DEFAULT ENCRYPTION='N' */;
USE `chamadosv2`;

-- Copiando estrutura para tabela chamadosv2.addresses
DROP TABLE IF EXISTS `addresses`;
CREATE TABLE IF NOT EXISTS `addresses` (
  `id` bigint unsigned NOT NULL AUTO_INCREMENT,
  `postal_code` varchar(9) COLLATE utf8mb4_unicode_ci NOT NULL,
  `street` varchar(255) COLLATE utf8mb4_unicode_ci NOT NULL,
  `number` varchar(255) COLLATE utf8mb4_unicode_ci DEFAULT NULL,
  `complement` varchar(255) COLLATE utf8mb4_unicode_ci DEFAULT NULL,
  `neighborhood` varchar(255) COLLATE utf8mb4_unicode_ci NOT NULL,
  `city` varchar(255) COLLATE utf8mb4_unicode_ci NOT NULL,
  `state` varchar(2) COLLATE utf8mb4_unicode_ci NOT NULL,
  `created_at` timestamp NULL DEFAULT NULL,
  `updated_at` timestamp NULL DEFAULT NULL,
  `company_id` bigint unsigned DEFAULT NULL,
  PRIMARY KEY (`id`),
  KEY `addresses_company_id_foreign` (`company_id`),
  CONSTRAINT `addresses_company_id_foreign` FOREIGN KEY (`company_id`) REFERENCES `companies` (`id`) ON DELETE SET NULL
) ENGINE=InnoDB AUTO_INCREMENT=2 DEFAULT CHARSET=utf8mb4 COLLATE=utf8mb4_unicode_ci;

-- Copiando dados para a tabela chamadosv2.addresses: ~1 rows (aproximadamente)
DELETE FROM `addresses`;
INSERT INTO `addresses` (`id`, `postal_code`, `street`, `number`, `complement`, `neighborhood`, `city`, `state`, `created_at`, `updated_at`, `company_id`) VALUES
	(1, '78452-034', 'Avenida Mutum', '1250', 'N', 'Jardim das Orquídeas', 'Nova Mutum', 'MT', '2025-05-13 01:23:16', '2025-05-13 01:23:16', NULL);

-- Copiando estrutura para tabela chamadosv2.agreement_items
DROP TABLE IF EXISTS `agreement_items`;
CREATE TABLE IF NOT EXISTS `agreement_items` (
  `id` bigint unsigned NOT NULL AUTO_INCREMENT,
  `price_agreement_id` bigint unsigned NOT NULL,
  `code` varchar(255) COLLATE utf8mb4_unicode_ci DEFAULT NULL,
  `description` text COLLATE utf8mb4_unicode_ci NOT NULL,
  `quantity` int NOT NULL DEFAULT '0',
  `unit_price` decimal(10,2) NOT NULL DEFAULT '0.00',
  `unit` varchar(255) COLLATE utf8mb4_unicode_ci DEFAULT NULL,
  `type` enum('part','service') COLLATE utf8mb4_unicode_ci NOT NULL,
  `is_active` tinyint(1) NOT NULL DEFAULT '1',
  `created_at` timestamp NULL DEFAULT NULL,
  `updated_at` timestamp NULL DEFAULT NULL,
  PRIMARY KEY (`id`),
  KEY `agreement_items_price_agreement_id_foreign` (`price_agreement_id`),
  CONSTRAINT `agreement_items_price_agreement_id_foreign` FOREIGN KEY (`price_agreement_id`) REFERENCES `price_agreements` (`id`) ON DELETE CASCADE
) ENGINE=InnoDB AUTO_INCREMENT=345 DEFAULT CHARSET=utf8mb4 COLLATE=utf8mb4_unicode_ci;

-- Copiando dados para a tabela chamadosv2.agreement_items: ~344 rows (aproximadamente)
DELETE FROM `agreement_items`;
INSERT INTO `agreement_items` (`id`, `price_agreement_id`, `code`, `description`, `quantity`, `unit_price`, `unit`, `type`, `is_active`, `created_at`, `updated_at`) VALUES
	(1, 1, '823348', 'ABRACADEIRA EM NYLON COM MANGUITO ADULTO', 52, 55.00, 'UND', 'part', 1, NULL, NULL),
	(2, 1, '847207', 'ACIONADOR ELÉTRICO PARA TORNEIRA DE PIA', 24, 420.00, 'UND', 'part', 1, NULL, NULL),
	(3, 1, '847206', 'ACIONADOR HIDRÁULICO PARA TORNEIRA DE PIA', 25, 420.00, 'UND', 'part', 1, NULL, NULL),
	(4, 1, '226476', 'AFERICAO  DE APARELHO DE PRESSAO ARTERIAL', 129, 50.00, 'UND', 'service', 1, NULL, NULL),
	(5, 1, '220308', 'AFERICAO DE BALANCAS', 56, 160.00, 'UND', 'service', 1, NULL, NULL),
	(6, 1, '823354', 'ANEL DE VEDACAO SILICONE AUTOCLAVE', 30, 127.50, 'UND', 'part', 1, NULL, NULL),
	(7, 1, '846364', 'ARANHA COMPLETA DE CADEIRAS (DIRETOR E SECRETARIA)', 50, 315.00, 'UND', 'part', 1, NULL, NULL),
	(8, 1, '819956', 'ATUADOR DE FREIO DE MAQUINA DE LAVAR', 20, 162.00, 'UND', 'part', 1, NULL, NULL),
	(9, 1, '226498', 'ATUALIZACAO DE PLACA DE AUTOCLAVE', 15, 550.00, 'UND', 'service', 1, NULL, NULL),
	(10, 1, '226499', 'ATUALIZACAO DE PLACA DE CADEIRA ODONTOLOGICA', 10, 550.00, 'UND', 'service', 1, NULL, NULL),
	(11, 1, '846361', 'BASE DE CADEIRA (DIRETOR E SECRETARIA)', 48, 248.00, 'UND', 'part', 1, NULL, NULL),
	(12, 1, '823355', 'BIELA COMPRESSOR', 15, 165.00, 'UND', 'part', 1, NULL, NULL),
	(13, 1, '823356', 'BOBINA AUTOCLAVE', 10, 240.00, 'UND', 'part', 1, NULL, NULL),
	(14, 1, '819953', 'BOMBA DRENO MAQUINA DE LAVAR', 18, 175.00, 'UND', 'part', 1, NULL, NULL),
	(15, 1, '823357', 'BRACO CABECOTE REFLETOR', 10, 120.00, 'UND', 'part', 1, NULL, NULL),
	(16, 1, '823358', 'CABECA MONTADA ALTA ROTACAO', 10, 310.00, 'UND', 'part', 1, NULL, NULL),
	(17, 1, '823359', 'CABECA MONTADA CONTRA ANGULO', 9, 300.00, 'UND', 'part', 1, NULL, NULL),
	(18, 1, '823360', 'CABO ALIMENTACAO AUTOCLAVE', 10, 80.00, 'UND', 'part', 1, NULL, NULL),
	(19, 1, '823362', 'CAMARA PARA AUTOCLAVE', 5, 1900.00, 'UND', 'part', 1, NULL, NULL),
	(20, 1, '823353', 'CAMISA PISTAO COMPRESSOR ODONTOLOGICO', 10, 210.00, 'UND', 'part', 1, NULL, NULL),
	(21, 1, '832475', 'CANETA 904NM INFRAVERMELHO PARA APARELHO LASERPULSE', 1, 1500.00, 'UND', 'part', 1, NULL, NULL),
	(22, 1, '823363', 'CANETA JATO DE PO', 10, 470.00, 'UND', 'part', 1, NULL, NULL),
	(23, 1, '823364', 'CARENAGEM BANDEJA/ MESA KAVO', 5, 485.00, 'UND', 'part', 1, NULL, NULL),
	(24, 1, '823365', 'CARENAGEM MESA DA SUCTORA KAVO', 5, 490.00, 'UND', 'part', 1, NULL, NULL),
	(25, 1, '823366', 'CARTER COMPRESSOR', 10, 620.00, 'UND', 'part', 1, NULL, NULL),
	(26, 1, '819962', 'COLUNA DEIONIZADORA', 1, 400.00, 'UND', 'part', 1, NULL, NULL),
	(27, 1, '823367', 'CONJUNTO ROTOR COMPLETO ALTA ROTAÇÃO', 30, 350.00, 'UND', 'part', 1, NULL, NULL),
	(28, 1, '226502', 'CONSERTO DA AMPOLA DO RAIO-X ODONTOLOGICO', 2, 2700.00, 'UND', 'service', 1, NULL, NULL),
	(29, 1, '177226', 'CONSERTO DE BALANCA', 8, 230.00, 'UND', 'service', 1, NULL, NULL),
	(30, 1, '183020', 'CONSERTO DE BISTURI ELETRONICO', 17, 370.00, 'UND', 'service', 1, NULL, NULL),
	(31, 1, '819971', 'CONSERTO E AFERICAO DA VALVULA OXIGENIO', 35, 135.00, 'UND', 'service', 1, NULL, NULL),
	(32, 1, '819972', 'CONSERTO/MANUTENCAO SERRA GESSO', 2, 750.00, 'UND', 'service', 1, NULL, NULL),
	(33, 1, '827540', 'EIXO INTERMEDIARIO CONTRA ANGULO/PECA DE MAO', 8, 150.00, 'UND', 'part', 1, NULL, NULL),
	(34, 1, '823369', 'EJETOR MONTADO UNIVERSAL SUGADOR DA CADEIRA ODONTOLOGICA', 8, 70.00, 'UND', 'part', 1, NULL, NULL),
	(35, 1, '846363', 'ENCOSTO DE CADEIRAS (DIRETOR E SECRETARIA)', 50, 222.00, 'UND', 'part', 1, NULL, NULL),
	(36, 1, '823371', 'ENGRENAGEM "TURBINA" CONTRA ANGULO/ PECA DE MAO', 16, 280.00, 'UND', 'part', 1, NULL, NULL),
	(37, 1, '832489', 'EVAPORADOR INOX UNIVERSAL PARA BEBEDOR DE COLUNA 40 LITROS', 10, 336.10, 'UND', 'part', 1, NULL, NULL),
	(38, 1, '823372', 'FILTRO DE AR DRENO SEMIAUTOMATICO CADEIRA ODONTOLOGICA', 14, 200.00, 'UND', 'part', 1, NULL, NULL),
	(39, 1, '823401', 'FILTRO DE AR DRENO SEMIAUTOMÁTICO COMPRESSOR', 15, 200.00, 'UND', 'part', 1, NULL, NULL),
	(40, 1, '819941', 'FILTRO/REFIL BEBEDOUROS', 32, 121.00, 'UND', 'part', 1, NULL, NULL),
	(41, 1, '226516', 'INSTALAÇAO ADEQUACOES ELETRICAS', 16, 340.00, 'UND', 'service', 1, NULL, NULL),
	(42, 1, '827547', 'INSTALAÇAO ADEQUACOES ELETRICAS EQUIPAMENTOS ODONTOLÓGICOS', 30, 320.00, 'UND', 'service', 1, NULL, NULL),
	(43, 1, '823346', 'INSTALAÇOES DE CADEIRA ODONTOLOGICA', 10, 700.00, 'UND', 'service', 1, NULL, NULL),
	(44, 1, '823402', 'JOGO DE ANEIS COMPRESSOR', 23, 130.00, 'UND', 'part', 1, NULL, NULL),
	(45, 1, '847203', 'JOGO DE RODÍZIOS PARA CADEIRAS DE CATEGORIAS (DIRETOR E SECRETARIA)', 48, 110.00, 'UND', 'part', 1, NULL, NULL),
	(46, 1, '827543', 'KIT BOIA PARA PURIFICADORES DE AGUA COMPLETO', 10, 80.00, 'UND', 'part', 1, NULL, NULL),
	(47, 1, '823403', 'KIT CARENAGEM COMPLETO PARA CADEIRA OLSEN/KAVO', 3, 5550.00, 'UND', 'part', 1, NULL, NULL),
	(48, 1, '823404', 'KIT FIACAO RESISTENCIA', 18, 85.00, 'UND', 'part', 1, NULL, NULL),
	(49, 1, '823444', 'KIT JUNTAS COMPRESSOR', 20, 60.00, 'UND', 'part', 1, NULL, NULL),
	(50, 1, '819950', 'KIT MECANISMO  MAQUINA DE LAVAR COMPLETA', 10, 565.00, 'UND', 'part', 1, NULL, NULL),
	(51, 1, '823405', 'KIT REFLETOR', 4, 800.00, 'UND', 'part', 1, NULL, NULL),
	(52, 1, '823406', 'KIT ULTRASSON ODONTOLOGICO', 7, 1100.00, 'UND', 'part', 1, NULL, NULL),
	(53, 1, '823407', 'LAMPADA FOTOPOLIMERIZADOR INCANDESCENTE', 20, 50.00, 'UND', 'part', 1, NULL, NULL),
	(54, 1, '823408', 'LAMPADA LED FOTOPOLIMERIZADOR', 20, 140.00, 'UND', 'part', 1, NULL, NULL),
	(55, 1, '819961', 'LAMPADA PARA OTOSCOPIO', 13, 150.00, 'UND', 'part', 1, NULL, NULL),
	(56, 1, '11914', 'MANGUITO ADULTO', 78, 15.00, 'UND', 'part', 1, NULL, NULL),
	(57, 1, '823409', 'MANOMETRO AUTOCLAVE', 10, 140.00, 'UND', 'part', 1, NULL, NULL),
	(58, 1, '823410', 'MANOMETRO COMPRESSOR', 10, 70.00, 'UND', 'part', 1, NULL, NULL),
	(59, 1, '823411', 'MANTA LA DE FIBRA AUTOCLAVE', 10, 80.00, 'UND', 'part', 1, NULL, NULL),
	(60, 1, '226480', 'MANUTENCAO  DO DETECTOR FETAL DE MESA', 80, 210.00, 'UND', 'part', 1, NULL, NULL),
	(61, 1, '226481', 'MANUTENCAO  DO DETECTOR FETAL PORTATIL', 78, 150.00, 'UND', 'service', 1, NULL, NULL),
	(62, 1, '226484', 'MANUTENCAO  LARINGOSCOPIO', 48, 100.00, 'UND', 'service', 1, NULL, NULL),
	(63, 1, '819974', 'MANUTENCAO / CONSERTO AMALGAMADOR', 20, 160.00, 'UND', 'service', 1, NULL, NULL),
	(64, 1, '847201', 'MANUTENÇÃO / CONSERTO E REFORMA DE CADEIRAS (DIRETOR, SECRETARIA)', 44, 169.00, 'UND', 'service', 1, NULL, NULL),
	(65, 1, '819975', 'MANUTENCAO BEBEDOUROS', 23, 340.00, 'UND', 'service', 1, NULL, NULL),
	(66, 1, '827290', 'MANUTENCAO CAPELA DE FLUXO LAMINAR', 2, 3252.50, 'UND', 'service', 1, NULL, NULL),
	(67, 1, '819976', 'MANUTENCAO COLUNA DEIONIZADOR', 5, 150.00, 'UND', 'service', 1, NULL, NULL),
	(68, 1, '226493', 'MANUTENCAO CONJUNTO REFLETOR DA CADEIRA ODONTOLOGICA', 9, 230.00, 'UND', 'service', 1, NULL, NULL),
	(69, 1, '220286', 'MANUTENCAO DA BICICLETA ERGOMETRICA', 10, 240.00, 'UND', 'service', 1, NULL, NULL),
	(70, 1, '220284', 'MANUTENCAO DA MECANOTERAPIA DE RODA DE OMBROS', 10, 100.00, 'UND', 'service', 1, NULL, NULL),
	(71, 1, '226479', 'MANUTENCAO DE MAQUINA DE LAVAR', 14, 560.00, 'UND', 'service', 1, NULL, NULL),
	(72, 1, '220290', 'MANUTENCAO DO APARELHO AGITADOR', 5, 250.00, 'UND', 'service', 1, NULL, NULL),
	(73, 1, '226511', 'MANUTENCAO DO APARELHO COLUNA INFRAVERMELHA', 17, 100.00, 'UND', 'service', 1, NULL, NULL),
	(74, 1, '220292', 'MANUTENCAO DO APARELHO CONTADOR DE CELULAS', 6, 290.00, 'UND', 'service', 1, NULL, NULL),
	(75, 1, '220287', 'MANUTENCAO DO APARELHO DE BANHO MARIA', 2, 500.00, 'UND', 'service', 1, NULL, NULL),
	(76, 1, '220289', 'MANUTENCAO DO APARELHO DE CENTRIFUGA', 8, 660.00, 'UND', 'service', 1, NULL, NULL),
	(77, 1, '220270', 'MANUTENCAO DO APARELHO DE FOTOPOLIMERIZADOR', 25, 290.00, 'UND', 'service', 1, NULL, NULL),
	(78, 1, '220288', 'MANUTENCAO DO APARELHO DE MICROSCOPIO', 9, 550.00, 'UND', 'service', 1, NULL, NULL),
	(79, 1, '220282', 'MANUTENCAO DO APARELHO DE ONDAS CURTAS', 10, 800.00, 'UND', 'service', 1, NULL, NULL),
	(80, 1, '823337', 'MANUTENCAO DO APARELHO DE PROFILAXIA', 17, 450.00, 'UND', 'service', 1, NULL, NULL),
	(81, 1, '832472', 'MANUTENCAO DO APARELHO DE ULTRASSOM', 19, 500.00, 'UND', 'service', 1, NULL, NULL),
	(82, 1, '226533', 'MANUTENCAO DO APARELHO DESFIBRILADOR', 10, 1800.00, 'UND', 'service', 1, NULL, NULL),
	(83, 1, '220291', 'MANUTENCAO DO APARELHO HEMOGENIZADOR', 2, 300.00, 'UND', 'service', 1, NULL, NULL),
	(84, 1, '226515', 'MANUTENCAO DO APARELHO LASERPULSE', 9, 500.00, 'UND', 'service', 1, NULL, NULL),
	(85, 1, '226513', 'MANUTENCAO DO APARELHO TENS', 10, 400.00, 'UND', 'service', 1, NULL, NULL),
	(86, 1, '226531', 'MANUTENCAO DO ASPIRADOR CIRURGICO PORTATIL', 3, 200.00, 'UND', 'service', 1, NULL, NULL),
	(87, 1, '226534', 'MANUTENCAO DO MONITOR CARDIACO', 6, 1800.00, 'UND', 'service', 1, NULL, NULL),
	(88, 1, '827286', 'MANUTENCAO ELETROCARDIOGRAFO', 4, 1900.00, 'UND', 'service', 1, NULL, NULL),
	(89, 1, '827287', 'MANUTENCAO ELETROCARDIOTOCOGRAFO', 5, 3200.00, 'UND', 'service', 1, NULL, NULL),
	(90, 1, '819978', 'MANUTENCAO ESTUFA DE SECAGEM GRANDE', 5, 500.00, 'UND', 'service', 1, NULL, NULL),
	(91, 1, '819977', 'MANUTENCAO MOCHO', 18, 150.00, 'UND', 'service', 1, NULL, NULL),
	(92, 1, '226483', 'MANUTENCAO NEGATOSCOPIO', 50, 80.00, 'UND', 'service', 1, NULL, NULL),
	(93, 1, '827288', 'MANUTENCAO OFTALMOSCOPIO', 49, 420.00, 'UND', 'service', 1, NULL, NULL),
	(94, 1, '226486', 'MANUTENCAO OTOSCOPIO', 47, 200.00, 'UND', 'service', 1, NULL, NULL),
	(95, 1, '827285', 'MANUTENCAO OXIMETRO DE DEDO', 44, 50.00, 'UND', 'service', 1, NULL, NULL),
	(96, 1, '827284', 'MANUTENCAO OXIMETRO DE MESA', 7, 1200.00, 'UND', 'service', 1, NULL, NULL),
	(97, 1, '846340', 'MANUTENÇÃO/ CONSERTO CALANDRA INDUSTRIAL', 2, 2300.00, 'UND', 'service', 1, NULL, NULL),
	(98, 1, '846338', 'MANUTENÇÃO/ CONSERTO CENTRIFUGA INDUSTRIAL', 2, 2400.00, 'UND', 'service', 1, NULL, NULL),
	(99, 1, '847200', 'MANUTENÇÃO/CONSERTO BOMBA VÁCUO', 15, 500.00, 'UND', 'service', 1, NULL, NULL),
	(100, 1, '823338', 'MANUTENÇÃO/CONSERTO DESTILADOR', 10, 220.00, 'UND', 'service', 1, NULL, NULL),
	(101, 1, '819979', 'MANUTENCAO/CONSERTO DO ACIONADOR ELETRICO TORNEIRA', 43, 100.00, 'UND', 'service', 1, NULL, NULL),
	(102, 1, '819980', 'MANUTENCAO/CONSERTO RELOGIO MULTITIMER', 5, 320.00, 'UND', 'service', 1, NULL, NULL),
	(103, 1, '847199', 'MANUTENÇÃO/CONSERTO SECADORA INDUSTRIAL', 2, 3200.00, 'UND', 'service', 1, NULL, NULL),
	(104, 1, '823339', 'MANUTENÇÃO/CONSERTO SELADORA', 16, 210.00, 'UND', 'service', 1, NULL, NULL),
	(105, 1, '823340', 'MANUTENCAO/CONSERTO VENTILADOR PULMONAR', 2, 3500.00, 'UND', 'part', 1, NULL, NULL),
	(106, 1, '823412', 'MOTO REDUTOR SISTEMA FUSO', 7, 590.00, 'UND', 'part', 1, NULL, NULL),
	(107, 1, '819957', 'MOTOR BEBEDOURO', 10, 600.00, 'UND', 'part', 1, NULL, NULL),
	(108, 1, '819952', 'MOTOR MAQUINA DE LAVAR', 10, 731.00, 'UND', 'part', 1, NULL, NULL),
	(109, 1, '832490', 'OCULARES PARA MICROSCÓPIO NIKON', 10, 600.00, 'UND', 'part', 1, NULL, NULL),
	(110, 1, '832507', 'PEDAL ELETRICO LIGA/DESLIGA 110/220V', 10, 100.00, 'UND', 'service', 1, NULL, NULL),
	(111, 1, '827331', 'PEQUENOS AJUSTES, REPAROS REGULAGENS EXTRAS ( DIVERSOS)', 83, 100.00, 'UND', 'service', 1, NULL, NULL),
	(112, 1, '827548', 'PEQUENOS AJUSTES, REPAROS REGULAGENS EXTRAS ( DIVERSOS) EQUIPAMENTOS ODONTOLÓGICOS', 139, 100.00, 'UND', 'service', 1, NULL, NULL),
	(113, 1, '191871', 'PERA PARA APARELHO DE PRESSAO', 67, 30.00, 'UND', 'part', 1, NULL, NULL),
	(114, 1, '220260', 'PINTURA DE PARTES DA CADEIRA ODONTOLOGICA', 4, 300.00, 'UND', 'service', 1, NULL, NULL),
	(115, 1, '846360', 'PISTÃO A GÁS PARA CADEIRAS DIRETOR E SECRETARIA', 48, 180.00, 'UND', 'part', 1, NULL, NULL),
	(116, 1, '823414', 'PISTAO COMPRESSOR', 14, 190.00, 'UND', 'part', 1, NULL, NULL),
	(117, 1, '823415', 'PISTAO MOCHO', 14, 190.00, 'UND', 'part', 1, NULL, NULL),
	(118, 1, '819951', 'PLACA MAQUINA DE LAVAR COMPLETA', 9, 950.00, 'UND', 'part', 1, NULL, NULL),
	(119, 1, '823416', 'PONTEIRA FOTOPOLIMERIZADOR', 8, 190.00, 'UND', 'part', 1, NULL, NULL),
	(120, 1, '823420', 'PORTA FUSIVEL AUTOCLAVE', 10, 50.00, 'UND', 'part', 1, NULL, NULL),
	(121, 1, '823421', 'PRESSOSTATO COMPRESSOR', 10, 160.00, 'UND', 'part', 1, NULL, NULL),
	(122, 1, '823422', 'PROTETOR REFLETOR', 8, 35.00, 'UND', 'part', 1, NULL, NULL),
	(123, 1, '846351', 'REBOBINAGEM DE MOTOR BOMVA A VÁCUO', 4, 650.00, 'UND', 'part', 1, NULL, NULL),
	(124, 1, '823347', 'REBOBINAGEM DE MOTOR COMPRESSOR', 8, 650.00, 'UND', 'part', 1, NULL, NULL),
	(125, 1, '823423', 'REGISTRO CUSPIDEIRA', 9, 150.00, 'UND', 'part', 1, NULL, NULL),
	(126, 1, '220256', 'REPARO EM SISTEMA FUSO E BOTEIRAS DA CADEIRA ODONTOLOGICA', 15, 300.00, 'UND', 'service', 1, NULL, NULL),
	(127, 1, '832474', 'RESISTÊNCIA 127/220V ESTUFAS TIPO 2AC', 2, 350.00, 'UND', 'part', 1, NULL, NULL),
	(128, 1, '823426', 'RESISTENCIA AUTOCLAVE', 14, 200.00, 'UND', 'part', 1, NULL, NULL),
	(129, 1, '823424', 'RESISTENCIA DESTILADOR GNATUS', 9, 490.00, 'UND', 'part', 1, NULL, NULL),
	(130, 1, '823425', 'RESISTENCIA SELADORA', 10, 200.00, 'UND', 'part', 1, NULL, NULL),
	(131, 1, '226490', 'REVISAO   AUTOCLAVE ACIMA DE  21 LITROS', 19, 450.00, 'UND', 'service', 1, NULL, NULL),
	(132, 1, '226489', 'REVISAO  AUTOCLAVE ATE 21 LITROS', 24, 450.00, 'UND', 'service', 1, NULL, NULL),
	(133, 1, '220266', 'REVISAO  PECAS DE MAO (CONTRA ANGULO, MICRO MOTOR,PECA RETA, ALTA ROTAÇÃO', 65, 170.00, 'UND', 'service', 1, NULL, NULL),
	(134, 1, '220264', 'REVISAO DO COMPRESSOR', 28, 400.00, 'UND', 'service', 1, NULL, NULL),
	(135, 1, '226501', 'REVISAO DO RAIO-X ODONTOLOGICO', 2, 420.00, 'UND', 'service', 1, NULL, NULL),
	(136, 1, '220257', 'REVISAO E MANUTENCAO PREVENTIVA DA CADEIRA ODONTOLOGICA', 23, 400.00, 'UND', 'service', 1, NULL, NULL),
	(137, 1, '823427', 'RODIZIOS MOCHO', 70, 35.00, 'UND', 'part', 1, NULL, NULL),
	(138, 1, '823428', 'ROLAMENTO ALTA ROTACAO', 42, 90.00, 'UND', 'part', 1, NULL, NULL),
	(139, 1, '823429', 'SELO DE SEGURANCA AUTOCLAVE', 50, 40.00, 'UND', 'part', 1, NULL, NULL),
	(140, 1, '823430', 'SENSOR TEMPERATURA AUTO CLAVE', 15, 165.00, 'UND', 'part', 1, NULL, NULL),
	(141, 1, '819973', 'SERVICO DE LIMPEZA DO APARELHO DE PROFILAXIA', 25, 120.00, 'UND', 'service', 1, NULL, NULL),
	(142, 1, '846411', 'SERVICO DE MANUTENCAO DE EQUIPAMENTOS DE LAVANDERIA - MAQUINA DE LAVAR INDUSTRIAL DA MARCA SUZUKI 380 LITROS ,COM MANUTENCAO CORRETIVA.', 2, 3400.00, 'UND', 'service', 1, NULL, NULL),
	(143, 1, '832473', 'SERVICO DE MANUTENCAO DE NEBULIZADOR', 46, 400.00, 'UND', 'service', 1, NULL, NULL),
	(144, 1, '819983', 'SUBSTITUICAO DA CAMARA AUTOCLAVE ATE 21L', 5, 350.00, 'UND', 'service', 1, NULL, NULL),
	(145, 1, '226488', 'SUBSTITUICAO DAS MANGUEIRAS DO COMPRESSOR', 10, 100.00, 'UND', 'service', 1, NULL, NULL),
	(146, 1, '220255', 'SUBSTITUICAO DAS TORNEIRAS CUSPIDEIRAS DA CADEIRA ODONTOLOGICA', 14, 100.00, 'UND', 'service', 1, NULL, NULL),
	(147, 1, '226496', 'SUBSTITUICAO DE CARENAGEM FRONTAL AUTOCLAVE', 10, 200.00, 'UND', 'service', 1, NULL, NULL),
	(148, 1, '226495', 'SUBSTITUICAO DE CARENAGENS CADEIRA OLSEN/KAVO', 8, 700.00, 'UND', 'service', 1, NULL, NULL),
	(149, 1, '220258', 'SUBSTITUICAO DE REPARO DAS VALVULAS DA CADEIRA ODONTOLOGICA', 18, 100.00, 'UND', 'service', 1, NULL, NULL),
	(150, 1, '220259', 'SUBSTITUICAO DE SUPORTE DAS PONTAS DA CADEIRA ODONTOLOGICA', 20, 90.00, 'UND', 'service', 1, NULL, NULL),
	(151, 1, '226492', 'SUBSTITUICAO DO PROTETOR DO REFLETOR DA CADEIRA ODONTOLOGICA', 18, 30.00, 'UND', 'service', 1, NULL, NULL),
	(152, 1, '226494', 'SUBSTITUICAO DO ULTRA- SOM ODONTOLOGICO', 14, 380.00, 'UND', 'service', 1, NULL, NULL),
	(153, 1, '819984', 'SUBSTITUICAO FILTRO DE AR DA CADEIRA ODONTOLOGICA', 19, 100.00, 'UND', 'service', 1, NULL, NULL),
	(154, 1, '226500', 'SUBSTITUICAO PARCIAL DAS MANGUEIRAS DA CADEIRA ODONTOLOGICA', 6, 450.00, 'UND', 'service', 1, NULL, NULL),
	(155, 1, '823431', 'SUPORTE DE INSTRUMENTOS/PONTAS', 15, 140.00, 'UND', 'part', 1, NULL, NULL),
	(156, 1, '823432', 'SUPORTE RESISTENCIA INFERIOR', 10, 100.00, 'UND', 'part', 1, NULL, NULL),
	(157, 1, '823433', 'SUPORTE RESISTENCIA SUPERIOR', 10, 100.00, 'UND', 'part', 1, NULL, NULL),
	(158, 1, '823434', 'TAMPA ALTA ROTACAO', 10, 110.00, 'UND', 'part', 1, NULL, NULL),
	(159, 1, '823435', 'TECLADO MEMBRANA AUTOCLAVE', 8, 170.00, 'UND', 'part', 1, NULL, NULL),
	(160, 1, '823436', 'TERMINAL TRIPLO BORDEM', 15, 170.00, 'UND', 'part', 1, NULL, NULL),
	(161, 1, '823437', 'TERMOSTATO AUTOCLAVE', 19, 90.00, 'UND', 'part', 1, NULL, NULL),
	(162, 1, '819965', 'TRANSDUTOR DETECTOR FETAL', 8, 260.00, 'UND', 'part', 1, NULL, NULL),
	(163, 1, '819964', 'TRANSDUTOR UTRASSON FISIO', 5, 500.00, 'UND', 'part', 1, NULL, NULL),
	(164, 1, '823438', 'TRANSFORMADOR CADEIRA ODONTOLOGICA', 5, 500.00, 'UND', 'part', 1, NULL, NULL),
	(165, 1, '823344', 'TROCA DE CARENAGEM INFERIOR ASSENTO', 8, 190.00, 'UND', 'service', 1, NULL, NULL),
	(166, 1, '220265', 'TROCA DE OLEO DO COMPRESSOR', 30, 25.00, 'UND', 'service', 1, NULL, NULL),
	(167, 1, '823345', 'TROCA DE TECIDO (ESTOFADO) DA CADEIRA ODONTOLOGICA', 5, 600.00, 'UND', 'service', 1, NULL, NULL),
	(168, 1, '226545', 'TROCA DO FILTRO DE AR DO COMPRESSOR ODONTOLOGICO', 20, 100.00, 'UND', 'service', 1, NULL, NULL),
	(169, 1, '823439', 'VALVULA COMPLETA AUTOCLAVE', 18, 440.00, 'UND', 'part', 1, NULL, NULL),
	(170, 1, '832491', 'VÁLVULA DE DEFLAÇÃO PARA APARELHO DE PRESSÃO ANALÓGICO', 69, 25.00, 'UND', 'part', 1, NULL, NULL),
	(171, 1, '221383', 'VALVULA ENTRADA AGUA MAQUINA DE LAVAR', 8, 167.90, 'UND', 'part', 1, NULL, NULL),
	(172, 1, '823440', 'VALVULA RETENCAO COMPRESSOR', 15, 120.00, 'UND', 'part', 1, NULL, NULL),
	(173, 1, '832508', 'VALVULA SEGURANCA PARA COMPRESSOR', 20, 80.00, 'UND', 'part', 1, NULL, NULL),
	(174, 2, '841135', 'CAPACITOR DE 1 A 6 UF PARA AR CONDICIONADO (III)', 12, 49.21, 'UND', 'part', 1, NULL, NULL),
	(175, 2, '841136', 'CAPACITOR DE 30 A 80 UF PARA AR CONDICIONADO (III)', 62, 65.34, 'UND', 'part', 1, NULL, NULL),
	(176, 2, '841156', 'COMPRESSOR PARA AR CONDICIONADO DE 18.000 A 24.000  BTUS – HI WALL (III)', 10, 855.80, 'UND', 'part', 1, NULL, NULL),
	(177, 2, '841157', 'COMPRESSOR PARA AR CONDICIONADO DE 36.000 A 48.000  BTUS – HI WALL (III)', 5, 1457.91, 'UND', 'part', 1, NULL, NULL),
	(178, 2, '841155', 'COMPRESSOR PARA AR CONDICIONADO DE 7.000 A 12.000 BTUS – HI WALL (III)', 2, 585.92, 'UND', 'part', 1, NULL, NULL),
	(179, 2, '851152', 'CONFECÇÃO, INSTALAÇÃO, E RECUPERAÇÃO EM GERAL DE DRENOS PARA APARELHO DE AR-CONDICIONADO INCLUINDO O FORNECIMENTO DE MATERIAIS CORRELATOS PARA O SERVIÇO COMO: CANOS, BRITA, AREIA, CONEXÕES E MÃO DE OBRA E OUTROS QUE SE FIZEREM NECESSÁRIOS (III)', 120, 251.64, 'UND', 'service', 1, NULL, NULL),
	(180, 2, '841158', 'CONJUNTO MANCAL PARA AR CONDICIONADO – HI WALL/INVERTER (III)', 15, 80.63, 'UND', 'part', 1, NULL, NULL),
	(181, 2, '848408', 'CONTATORA PARA AR-CONDICIONADO 24.000 A 60.000 BTUS HI WALL/ – INSTALADO (III)', 15, 216.19, 'UND', 'part', 1, NULL, NULL),
	(182, 2, '841160', 'CONTROLE REMOTO PARA AR CONDICIONADO (UNIVERSAL) -III', 20, 70.73, 'UND', 'part', 1, NULL, NULL),
	(183, 2, '848410', 'DESLOCAMENTO PARA EXECUCAO DE SERVICOS TECNICOS NAS COMUNIDADES RANCHAO E SAO MANOEL - IDA E VOLTA (III)', 20, 124.29, 'UND', 'service', 1, NULL, NULL),
	(184, 2, '848409', 'DESLOCAMENTO PARA EXECUCAO DE SERVICOS TECNICOS NO DISTRITO PONTAL DO MARAPE - IDA E VOLTA (III)', 10, 400.68, 'UND', 'service', 1, NULL, NULL),
	(185, 2, '851868', 'HÉLICE VENTILADOR DA CONDENSADORA APARELHO DE AR-CONDICIONADO - 12.000BTUS A 60.000BTUS (III)', 6, 209.18, 'UND', 'part', 1, NULL, NULL),
	(186, 2, '833227', 'INSTALACAO DE AR CONDICIONADO 12.000 A 18.000 BTUS - HI WALL- COM MATERIAL (III)', 123, 242.22, 'UND', 'service', 1, NULL, NULL),
	(187, 2, '833232', 'INSTALACAO DE AR CONDICIONADO 22.000 A 30.000 BTUS - HI WALL - COM MATERIAL (III)', 38, 329.89, 'UND', 'service', 1, NULL, NULL),
	(188, 2, '841163', 'INSTALACAO DE AR CONDICIONADO 31.000 A 60.000 BTUS - PISO TETO - COM MATERIAL (III)', 10, 456.43, 'UND', 'service', 1, NULL, NULL),
	(189, 2, '833256', 'INSTALACAO DE AR CONDICIONADO DE 7.000 À 9.000 BTUS - HIWALL- (III)', 12, 228.62, 'UND', 'service', 1, NULL, NULL),
	(190, 2, '841134', 'MANUTENÇÃO CORRETIVA DE AR CONDICIONADO SEM FORNECIMENTO DE PEÇAS (III)', 165, 118.68, 'UND', 'service', 1, NULL, NULL),
	(191, 2, '833230', 'MANUTENCAO PREVENTIVA DE AR CONDICIONADO 12.000 A 18.000 BTUS - HI WALL (III)', 967, 109.41, 'UND', 'service', 1, NULL, NULL),
	(192, 2, '833226', 'MANUTENCAO PREVENTIVA DE AR CONDICIONADO 12.000 A 18.000 BTUS - HI WALL - INVERTER (III)', 20, 111.26, 'UND', 'service', 1, NULL, NULL),
	(193, 2, '833235', 'MANUTENCAO PREVENTIVA DE AR CONDICIONADO 22.000 A 30.000 BTUS - HI WALL (III)', 310, 168.13, 'UND', 'service', 1, NULL, NULL),
	(194, 2, '833237', 'MANUTENCAO PREVENTIVA DE AR CONDICIONADO 22.000 A 30.000 BTUS - HI WALL - INVERTER (III)', 28, 168.13, 'UND', 'service', 1, NULL, NULL),
	(195, 2, '841164', 'MANUTENCAO PREVENTIVA DE AR CONDICIONADO 31.000 A 60.000 BTUS - PISO TETO (III)', 90, 240.41, 'UND', 'service', 1, NULL, NULL),
	(196, 2, '851087', 'MANUTENCAO PREVENTIVA DE AR CONDICIONADO 31.000 A 60.000 BTUS - PISO TETO - INVERTER (III)', 19, 270.94, 'UND', 'service', 1, NULL, NULL),
	(197, 2, '833220', 'MANUTENCAO PREVENTIVA DE AR CONDICIONADO 7.000 A 9.000 BTUS - HI WALL (III)', 44, 117.30, 'UND', 'service', 1, NULL, NULL),
	(198, 2, '833222', 'MANUTENCAO PREVENTIVA DE AR CONDICIONADO 7.000 A 9.000 BTUS - HI WALL - INVERTER (III)', 8, 117.30, 'UND', 'service', 1, NULL, NULL),
	(199, 2, '841145', 'MOTOR VENTILADOR PARA AR CONDICIONADO– HI WALL OU INVERTER (III)', 6, 290.89, 'UND', 'part', 1, NULL, NULL),
	(200, 2, '841150', 'PLACA DE CONDENSADORA PARA AR CONDICIONADO DE 19.000 A 36.000 BTUS – HI WALL (III)', 6, 477.90, 'UND', 'part', 1, NULL, NULL),
	(201, 2, '838215', 'PLACA DE CONDENSADORA PARA AR CONDICIONADO DE 9.000 A 24.000 BTUS – INVERTER', 10, 422.29, 'UND', 'part', 1, NULL, NULL),
	(202, 2, '838217', 'PLACA PRINCIPAL PARA AR CONDICIONADO DE 19.000 A 36.000 BTUS – HI WALL', 10, 379.39, 'UND', 'part', 1, NULL, NULL),
	(203, 2, '841152', 'PLACA PRINCIPAL PARA AR CONDICIONADO DE 7.000 A 18.000 – HI WALL (III)', 9, 310.79, 'UND', 'part', 1, NULL, NULL),
	(204, 2, '841154', 'PLACA PRINCIPAL PARA AR CONDICIONADO DE 9.000 A 24.000 BTUS – INVERTER (III)', 5, 366.47, 'UND', 'part', 1, NULL, NULL),
	(205, 2, '841146', 'PROTETOR TÉRMICO PARA AR CONDICIONADO– HI WALL/ INVERTER (III)', 3, 43.51, 'UND', 'part', 1, NULL, NULL),
	(206, 2, '833246', 'RECARGA DE GAS PARA AR CONDICIONADO ATE 12.000 BTUS (III)', 25, 150.03, 'UND', 'part', 1, NULL, NULL),
	(207, 2, '833247', 'RECARGA DE GAS PARA AR CONDICIONADO ATE 18.000 A 21.000 BTUS (III)', 75, 187.70, 'UND', 'part', 1, NULL, NULL),
	(208, 2, '833250', 'RECARGA DE GAS PARA AR CONDICIONADO ATE 22.000 A 30.000 BTUS (III)', 65, 206.60, 'UND', 'part', 1, NULL, NULL),
	(209, 2, '833253', 'RECARGA DE GAS PARA AR CONDICIONADO ATE 30.000 A 60.000 BTUS - PISO TETO (III)', 36, 216.24, 'UND', 'part', 1, NULL, NULL),
	(210, 2, '851859', 'RELE DA PLACA EVAPORADORA PARA AR-CONDICIONADO – 12.000 BTUS A 60.000 BTUS (III)', 15, 139.95, 'UND', 'part', 1, NULL, NULL),
	(211, 2, '841142', 'SENSOR DA CONDENSADORA PARA AR CONDICIONADO DE 19.000 A 36.000 BTUS– HI WALL (III)', 2, 88.97, 'UND', 'part', 1, NULL, NULL),
	(212, 2, '841141', 'SENSOR DA CONDENSADORA PARA AR CONDICIONADO DE 7.000 A 18.000 BTUS– HI WALL (III)', 1, 111.43, 'UND', 'part', 1, NULL, NULL),
	(213, 2, '841143', 'SENSOR DA CONDENSADORA PARA AR CONDICIONADO DE 9.000 A 24.000 BTUS– INVERTER (III)', 10, 116.78, 'UND', 'part', 1, NULL, NULL),
	(214, 2, '841137', 'SENSOR DE DEGELO PARA AR CONDICIONADO – HI WALL (III)', 13, 100.92, 'UND', 'part', 1, NULL, NULL),
	(215, 2, '841138', 'SENSOR DE DEGELO PARA AR CONDICIONADO – INVERTER (III)', 5, 134.29, 'UND', 'part', 1, NULL, NULL),
	(216, 2, '841139', 'SENSOR DE TEMPERATURA PARA AR CONDICIONADO SPLIT – HI WALL (III)', 9, 104.27, 'UND', 'part', 1, NULL, NULL),
	(217, 2, '841140', 'SENSOR DE TEMPERATURA PARA AR CONDICIONADO SPLIT – INVERTER (III)', 9, 134.85, 'UND', 'part', 1, NULL, NULL),
	(218, 2, '851860', 'SERVIÇO DE LIMPEZA E MANUTENÇÃO EM CLIMATIZADORES FIXO DE PAREDE. INCLUSO REPOSIÇÃO DE PEQUENAS PEÇAS (III)', 20, 355.61, 'UND', 'service', 1, NULL, NULL),
	(219, 2, '851861', 'SERVIÇO DE LIMPEZA E MANUTENÇÃO EM CLIMATIZADOR PORTATIL. INCLUSO REPOSIÇÃO DE PEQUENAS PEÇAS (III)', 20, 290.13, 'UND', 'service', 1, NULL, NULL),
	(220, 2, '841133', 'SERVIÇO DE PEQUENOS REPAROS EM APARELHO DE AR CONDICIONADO- INCLUSO REPOSIÇÃO DE PEÇAS (III)', 59, 133.46, 'UND', 'service', 1, NULL, NULL),
	(221, 2, '827583', 'SERVICO DE RETIRADA DE APARELHO DE AR CONDICIONADO ( III )', 70, 91.29, 'UND', 'service', 1, NULL, NULL),
	(222, 2, '851862', 'SERVIÇO DE TROCA DE CHICOTES DA CONDENSADORAS DE AR-CONDICIONADO, CABEAMENTOS COM TERMINAIS ELÉTRICOS (COM MATERIAL INCLUSO). (III)', 25, 290.10, 'UND', 'service', 1, NULL, NULL),
	(223, 2, '851864', 'SERVIÇO DE TROCA DO ÓLEO DO COMPRESSOR DOS APARELHOS DE AR-CONDICIONADO – 12.000 BTUS A 60.000 BTUS (COM MATERIAL INCLUSO). (III)', 25, 375.37, 'UND', 'service', 1, NULL, NULL),
	(224, 2, '827584', 'SERVIÇO DE TUBULAÇÃO/DRENO/ACABAMENTO ( III )', 150, 83.71, 'UND', 'service', 1, NULL, NULL),
	(225, 2, '851865', 'SERVIÇOS PALIATIVOS NAS EVAPORADORAS DE APARELHO DE AR-CONDICIONADO (LIMPEZA DE FILTROS E TELINHAS). (III)', 199, 77.29, 'UND', 'service', 1, NULL, NULL),
	(226, 2, '841162', 'SUPORTE PARA CONDENSADORA DE 18.000 A 36.000 BTUS (III)', 80, 21.68, 'UND', 'part', 1, NULL, NULL),
	(227, 2, '841161', 'SUPORTE PARA CONDENSADORA DE 7.000 A 12.000 BTUS (III)', 20, 20.99, 'UND', 'part', 1, NULL, NULL),
	(228, 2, '841147', 'TUBO CAPILAR PARA AR CONDICIONADO– HI WALL/INVERTER (III)', 5, 41.23, 'UND', 'part', 1, NULL, NULL),
	(229, 2, '841159', 'TUBO DE COBRE PARA INSTALAÇÃO DE AR CONDICIONADO (METRO) (III)', 500, 66.98, 'UND', 'part', 1, NULL, NULL),
	(230, 2, '851866', 'TURBINA EVAPORADORA PARA APARELHO DE AR-CONDICIONADO - 12.000BTUS A 60.000BTUS. (III)', 5, 370.58, 'UND', 'part', 1, NULL, NULL),
	(231, 2, '841148', 'VÁLVULA DE EXPANSÃO PARA AR CONDICIONADO– HI WALL/ INVERTER (III)', 5, 99.32, 'UND', 'part', 1, NULL, NULL),
	(232, 3, '841094', 'CAPACITOR DE 1 A 6 UF PARA AR CONDICIONADO (I)', 40, 61.47, 'UND', 'part', 1, NULL, NULL),
	(233, 3, '841095', 'CAPACITOR DE 30 A 80 UF PARA AR CONDICIONADO (I)', 87, 81.73, 'UND', 'part', 1, NULL, NULL),
	(234, 3, '841115', 'COMPRESSOR PARA AR CONDICIONADO DE 18.000 A 24.000  BTUS – HI WALL (I)', 13, 1073.68, 'UND', 'part', 1, NULL, NULL),
	(235, 3, '841116', 'COMPRESSOR PARA AR CONDICIONADO DE 36.000 A 48.000  BTUS – HI WALL (I)', 11, 1830.23, 'UND', 'part', 1, NULL, NULL),
	(236, 3, '841114', 'COMPRESSOR PARA AR CONDICIONADO DE 7.000 A 12.000 BTUS – HI WALL (I)', 13, 734.18, 'UND', 'service', 1, NULL, NULL),
	(237, 3, '851147', 'CONFECÇÃO, INSTALAÇÃO, E RECUPERAÇÃO EM GERAL DE DRENOS PARA APARELHO DE AR-CONDICIONADO INCLUINDO O FORNECIMENTO DE MATERIAIS CORRELATOS PARA O SERVIÇO COMO: CANOS, BRITA, AREIA, CONEXÕES E MÃO DE OBRA E OUTROS QUE SE FIZEREM NECESSÁRIOS (II)', 48, 314.35, 'UND', 'service', 1, NULL, NULL),
	(238, 3, '841117', 'CONJUNTO MANCAL PARA AR CONDICIONADO – HI WALL/INVERTER', 14, 99.89, 'UND', 'part', 1, NULL, NULL),
	(239, 3, '848411', 'CONTATORA PARA AR-CONDICIONADO 24.000 A 60.000 BTUS HI WALL/ – INSTALADO (I)', 40, 270.34, 'UND', 'part', 1, NULL, NULL),
	(240, 3, '841119', 'CONTROLE REMOTO PARA AR CONDICIONADO (UNIVERSAL)- I', 46, 88.71, 'UND', 'part', 1, NULL, NULL),
	(241, 3, '848406', 'DESLOCAMENTO PARA EXECUCAO DE SERVICOS TECNICOS NA COMUNIDADE PONTAL DO MARAPE - IDA E VOLTA (II)', 8, 502.96, 'UND', 'service', 1, NULL, NULL),
	(242, 3, '847560', 'DESLOCAMENTO PARA EXECUCAO DE SERVICOS TECNICOS NAS COMUNIDADES RANCHAO E SAO MANOEL - IDA E VOLTA (IV)', 11, 155.77, 'UND', 'service', 1, NULL, NULL),
	(243, 3, '851876', 'HELICE VENTILADOR DA CONDENSADORA AR CONDICIONADO DE 12.000 A 60.BTUS (II)', 8, 261.96, 'UND', 'part', 1, NULL, NULL),
	(244, 3, '833388', 'INSTALACAO DE AR CONDICIONADO 12.000 A 18.000 BTUS - HI WALL- COM MATERIAL (I)', 57, 303.87, 'UND', 'service', 1, NULL, NULL),
	(245, 3, '841123', 'INSTALACAO DE AR CONDICIONADO 22.000 A 30.000 BTUS - COM MATERIAL (I)', 70, 412.15, 'UND', 'service', 1, NULL, NULL),
	(246, 3, '841127', 'INSTALACAO DE AR CONDICIONADO 31.000 A 60.000 BTUS - PISO TETO - COM MATERIAL (I)', 14, 572.82, 'UND', 'service', 1, NULL, NULL),
	(247, 3, '833258', 'INSTALACAO DE AR CONDICIONADO DE 7.000 À 9.000 BTUS - HIWALL', 13, 286.41, 'UND', 'service', 1, NULL, NULL),
	(248, 3, '841093', 'MANUTENÇÃO CORRETIVA DE AR CONDICIONADO SEM FORNECIMENTO DE PEÇAS (I)', 77, 146.69, 'UND', 'service', 1, NULL, NULL),
	(249, 3, '833231', 'MANUTENCAO PREVENTIVA DE AR CONDICIONADO 12.000 A 18.000 BTUS - HI WALL', 110, 136.21, 'UND', 'service', 1, NULL, NULL),
	(250, 3, '833224', 'MANUTENCAO PREVENTIVA DE AR CONDICIONADO 12.000 A 18.000 BTUS - HI WALL - INVERTER', 29, 139.71, 'UND', 'service', 1, NULL, NULL),
	(251, 3, '833233', 'MANUTENCAO PREVENTIVA DE AR CONDICIONADO 22.000 A 30.000 BTUS - HI WALL', 177, 209.56, 'UND', 'service', 1, NULL, NULL),
	(252, 3, '833239', 'MANUTENCAO PREVENTIVA DE AR CONDICIONADO 22.000 A 30.000 BTUS - HI WALL - INVERTER', 28, 209.56, 'UND', 'service', 1, NULL, NULL),
	(253, 3, '841129', 'MANUTENCAO PREVENTIVA DE AR CONDICIONADO 31.000 A 60.000 BTUS - PISO TETO', 67, 339.50, 'UND', 'service', 1, NULL, NULL),
	(254, 3, '833217', 'MANUTENCAO PREVENTIVA DE AR CONDICIONADO 7.000 A 9.000 BTUS - HI WALL', 50, 146.69, 'UND', 'service', 1, NULL, NULL),
	(255, 3, '833218', 'MANUTENCAO PREVENTIVA DE AR CONDICIONADO 7.000 A 9.000 BTUS - HI WALL - INVERTER', 27, 146.69, 'UND', 'part', 1, NULL, NULL),
	(256, 3, '841103', 'MOTOR VENTILADOR PARA AR CONDICIONADO– HI WALL OU INVERTER (I)', 18, 363.95, 'UND', 'part', 1, NULL, NULL),
	(257, 3, '841109', 'PLACA DE CONDENSADORA PARA AR CONDICIONADO DE 19.000 A 36.000 BTUS – HI WALL (I)', 18, 599.36, 'UND', 'part', 1, NULL, NULL),
	(258, 3, '841110', 'PLACA DE CONDENSADORA PARA AR CONDICIONADO DE 9.000 A 24.000 BTUS – INVERTER (I)', 11, 528.81, 'UND', 'part', 1, NULL, NULL),
	(259, 3, '841112', 'PLACA PRINCIPAL PARA AR CONDICIONADO DE 19.000 A 36.000 BTUS – HI WALL (I)', 13, 475.02, 'UND', 'part', 1, NULL, NULL),
	(260, 3, '841111', 'PLACA PRINCIPAL PARA AR CONDICIONADO DE 7.000 A 18.000 – HI WALL (I)', 12, 389.09, 'UND', 'part', 1, NULL, NULL),
	(261, 3, '841113', 'PLACA PRINCIPAL PARA AR CONDICIONADO DE 9.000 A 24.000 BTUS – INVERTER (I)', 8, 458.95, 'UND', 'part', 1, NULL, NULL),
	(262, 3, '841104', 'PROTETOR TÉRMICO PARA AR CONDICIONADO– HI WALL/ INVERTER (I)', 12, 54.48, 'UND', 'part', 1, NULL, NULL),
	(263, 3, '833244', 'RECARGA DE GAS PARA AR CONDICIONADO ATE 12.000 BTUS', 93, 187.21, 'UND', 'part', 1, NULL, NULL),
	(264, 3, '833249', 'RECARGA DE GAS PARA AR CONDICIONADO ATE 18.000 A 21.000 BTUS', 64, 235.41, 'UND', 'part', 1, NULL, NULL),
	(265, 3, '833252', 'RECARGA DE GAS PARA AR CONDICIONADO ATE 22.000 A 30.000 BTUS', 86, 258.46, 'UND', 'part', 1, NULL, NULL),
	(266, 3, '841124', 'RECARGA DE GAS PARA AR CONDICIONADO ATE 30.000 A 60.000 BTUS - PISO TETO (I)', 40, 270.34, 'UND', 'part', 1, NULL, NULL),
	(267, 3, '852036', 'RELE DA PLACA EVAPORADORA PARA AR-CONDICIONADO – 12.000 BTUS A 60.000 BTUS (II)', 8, 174.64, 'UND', 'part', 1, NULL, NULL),
	(268, 3, '841100', 'SENSOR DA CONDENSADORA PARA AR CONDICIONADO DE 19.000 A 36.000 BTUS– HI WALL (I)', 11, 110.37, 'UND', 'part', 1, NULL, NULL),
	(269, 3, '841099', 'SENSOR DA CONDENSADORA PARA AR CONDICIONADO DE 7.000 A 18.000 BTUS– HI WALL (I)', 11, 110.37, 'UND', 'part', 1, NULL, NULL),
	(270, 3, '841101', 'SENSOR DA CONDENSADORA PARA AR CONDICIONADO DE 9.000 A 24.000 BTUS– INVERTER (I)', 7, 145.99, 'UND', 'part', 1, NULL, NULL),
	(271, 3, '841096', 'SENSOR DE DEGELO PARA AR CONDICIONADO – HI WALL (I)', 11, 125.74, 'UND', 'part', 1, NULL, NULL),
	(272, 3, '841097', 'SENSOR DE DEGELO PARA AR CONDICIONADO – INVERTER (I)', 7, 167.65, 'UND', 'part', 1, NULL, NULL),
	(273, 3, '841098', 'SENSOR DE TEMPERATURA PARA AR CONDICIONADO SPLIT – HI WALL (I)', 10, 129.93, 'UND', 'part', 1, NULL, NULL),
	(274, 3, '841125', 'SENSOR DE TEMPERATURA PARA AR CONDICIONADO SPLIT – INVERTER (I)', 7, 167.65, 'UND', 'service', 1, NULL, NULL),
	(275, 3, '852037', 'SERVIÇO DE LIMPEZA E MANUTENÇÃO EM CLIMATIZADORES FIXO DE PAREDE. INCLUSO REPOSIÇÃO DE PEQUENAS PEÇAS', 8, 445.68, 'UND', 'service', 1, NULL, NULL),
	(276, 3, '852050', 'SERVIÇO DE LIMPEZA E MANUTENÇÃO EM CLIMATIZADOR PORTATIL. INCLUSO REPOSIÇÃO DE PEQUENAS PEÇAS (I)', 6, 363.25, 'UND', 'service', 1, NULL, NULL),
	(277, 3, '841092', 'SERVIÇO DE PEQUENOS REPAROS EM APARELHO DE AR CONDICIONADO- INCLUSO REPOSIÇÃO DE PEÇAS (I)', 147, 166.25, 'UND', 'service', 1, NULL, NULL),
	(278, 3, '823883', 'SERVICO DE RETIRADA DE APARELHO DE AR CONDICIONADO', 126, 113.86, 'UND', 'service', 1, NULL, NULL),
	(279, 3, '851877', 'SERVIÇO DE TROCA DE CHICOTES DA CONDENSADORAS DE AR-CONDICIONADO,', 19, 363.25, 'UND', 'service', 1, NULL, NULL),
	(280, 3, '852211', 'SERVIÇO DE TROCA DO ÓLEO DO COMPRESSOR DOS APARELHOS DE AR-CONDICIONADO – 12.000 BTUS A 60.000 BTUS (COM MATERIAL INCLUSO)', 20, 470.13, 'UND', 'service', 1, NULL, NULL),
	(281, 3, '823307', 'SERVIÇO DE TUBULAÇÃO/DRENO/ACABAMENTO', 228, 103.38, 'UND', 'service', 1, NULL, NULL),
	(282, 3, '852212', 'SERVIÇOS PALIATIVOS NAS EVAPORADORAS DE APARELHO DE AR-CONDICIONADO (LIMPEZA DE FILTROS E TELINHAS)', 84, 96.40, 'UND', 'service', 1, NULL, NULL),
	(283, 3, '841121', 'SUPORTE PARA CONDENSADORA DE 18.000 A 36.000 BTUS (I)', 35, 26.54, 'UND', 'part', 1, NULL, NULL),
	(284, 3, '841120', 'SUPORTE PARA CONDENSADORA DE 7.000 A 12.000 BTUS', 22, 25.84, 'UND', 'part', 1, NULL, NULL),
	(285, 3, '841105', 'TUBO CAPILAR PARA AR CONDICIONADO– HI WALL/INVERTER', 16, 50.99, 'UND', 'part', 1, NULL, NULL),
	(286, 3, '841118', 'TUBO DE COBRE PARA INSTALAÇÃO DE AR CONDICIONADO (METRO)- I', 244, 83.82, 'UND', 'part', 1, NULL, NULL),
	(287, 3, '852209', 'TURBINA EVAPORADORA PARA APARELHO DE AR-CONDICIONADO - 12.000BTUS A 60.000BTUS. (III)', 6, 466.85, 'UND', 'part', 1, NULL, NULL),
	(288, 3, '841106', 'VÁLVULA DE EXPANSÃO PARA AR CONDICIONADO– HI WALL/ INVERTER (I)', 22, 123.64, 'UND', 'part', 1, NULL, NULL),
	(289, 4, '838198', 'CAPACITOR DE 1 A 6 UF PARA AR CONDICIONADO', 22, 10.00, 'UND', 'part', 1, NULL, NULL),
	(290, 4, '838199', 'CAPACITOR DE 30 A 80 UF PARA AR CONDICIONADO', 33, 25.00, 'UND', 'part', 1, NULL, '2025-04-16 14:08:54'),
	(291, 4, '838220', 'COMPRESSOR PARA AR CONDICIONADO DE 18.000 A 24.000  BTUS – HI WALL', 7, 730.00, 'UND', 'part', 1, NULL, '2025-03-07 14:17:29'),
	(292, 4, '838221', 'COMPRESSOR PARA AR CONDICIONADO DE 36.000 A 48.000  BTUS – HI WALL', 4, 900.00, 'UND', 'part', 1, NULL, NULL),
	(293, 4, '838219', 'COMPRESSOR PARA AR CONDICIONADO DE 7.000 A 12.000 BTUS – HI WALL', 3, 300.00, 'UND', 'part', 1, NULL, NULL),
	(294, 4, '850955', 'CONFECÇÃO, INSTALAÇÃO, E RECUPERAÇÃO EM GERAL DE DRENOS PARA APARELHO DE AR-CONDICIONADO INCLUINDO O FORNECIMENTO DE MATERIAIS CORRELATOS PARA O SERVIÇO COMO: CANOS, BRITA, CONEXÕES E MÃO DE OBRA E OUTROS QUE SE FIZEREM NECESSÁRIOS.', 67, 100.00, 'UND', 'service', 1, NULL, NULL),
	(295, 4, '838222', 'CONJUNTO MANCAL PARA AR CONDICIONADO – HI WALL/INVERTER', 8, 10.00, 'UND', 'part', 1, NULL, NULL),
	(296, 4, '838207', 'CONTATORA PARA AR CONDICIONADO– HI WALL/ INVERTER', 10, 90.00, 'UND', 'part', 1, NULL, '2025-03-20 09:01:42'),
	(297, 4, '838224', 'CONTROLE REMOTO PARA AR CONDICIONADO (UNIVERSAL)', 7, 45.00, 'UND', 'part', 1, NULL, '2025-04-09 09:20:01'),
	(298, 4, '844763', 'DESLOCAMENTO PARA EXECUCAO DE SERVICOS TECNICOS NAS COMUNIDADES RANCHAO E SAO MANOEL - IDA E VOLTA (I)', 25, 200.00, 'UND', 'service', 1, NULL, NULL),
	(299, 4, '844762', 'DESLOCAMENTO PARA EXECUCAO DE SERVICOS TECNICOS NO DISTRITO PONTAL DO MARAPE - IDA E VOLTA (I)', 25, 90.00, 'UND', 'service', 1, NULL, NULL),
	(300, 4, '852039', 'HÉLICE VENTILADOR DA CONDENSADORA APARELHO DE AR-CONDICIONADO - 12.000BTUS A 60.000BTUS', 4, 80.00, 'UND', 'part', 1, NULL, NULL),
	(301, 4, '841091', 'INSTALACAO DE AR CONDICIONADO 12.000 A 18.000 BTUS - (II)', 39, 350.00, 'UND', 'service', 1, NULL, '2025-05-09 13:06:59'),
	(302, 4, '841122', 'INSTALACAO DE AR CONDICIONADO 22.000 A 30.000 BTUS - COM MATERIAL (II)', 25, 420.00, 'UND', 'service', 1, NULL, '2025-04-14 12:25:39'),
	(303, 4, '841126', 'INSTALACAO DE AR CONDICIONADO 31.000 A 60.000 BTUS - PISO TETO - COM MATERIAL (II)', 7, 700.00, 'UND', 'service', 1, NULL, '2025-03-07 09:37:36'),
	(304, 4, '841090', 'INSTALACAO DE AR CONDICIONADO DE 7.000 À 9.000 BTUS - (II)', 12, 300.00, 'UND', 'service', 1, NULL, '2025-03-19 15:31:33'),
	(305, 4, '851851', 'LIMPEZA E MANTUENÇÃO EM CLIMATIZADORES DE PAREDE', 0, 250.00, 'UND', 'service', 1, NULL, '2025-03-27 07:45:56'),
	(306, 4, '851852', 'LIMPEZA E MANTUENÇÃO EM CLIMATIZADORES PORTÁTEIS', 5, 100.00, 'UND', 'service', 1, NULL, NULL),
	(307, 4, '838197', 'MANUTENÇÃO CORRETIVA DE AR CONDICIONADO SEM FORNECIMENTO DE PEÇAS', 188, 150.00, 'UND', 'service', 1, NULL, NULL),
	(308, 4, '833228', 'MANUTENCAO PREVENTIVA DE AR CONDICIONADO 12.000 A 18.000 BTUS - HI WALL (II)', 187, 170.00, 'UND', 'service', 1, NULL, '2025-05-06 18:26:00'),
	(309, 4, '833225', 'MANUTENCAO PREVENTIVA DE AR CONDICIONADO 12.000 A 18.000 BTUS - HI WALL - INVERTER (II)', 47, 150.00, 'UND', 'service', 1, NULL, '2025-03-27 09:37:50'),
	(310, 4, '833234', 'MANUTENCAO PREVENTIVA DE AR CONDICIONADO 22.000 A 30.000 BTUS - HI WALL (II)', 39, 150.00, 'UND', 'service', 1, NULL, '2025-04-17 18:02:31'),
	(311, 4, '833238', 'MANUTENCAO PREVENTIVA DE AR CONDICIONADO 22.000 A 30.000 BTUS - HI WALL - INVERTER (II)', 13, 150.00, 'UND', 'service', 1, NULL, NULL),
	(312, 4, '841128', 'MANUTENCAO PREVENTIVA DE AR CONDICIONADO 31.000 A 60.000 BTUS - PISO TETO (II)', 23, 200.00, 'UND', 'service', 1, NULL, NULL),
	(313, 4, '833219', 'MANUTENCAO PREVENTIVA DE AR CONDICIONADO 7.000 A 9.000 BTUS - HI WALL (II)', 130, 150.00, 'UND', 'service', 1, NULL, '2025-04-16 14:02:21'),
	(314, 4, '833221', 'MANUTENCAO PREVENTIVA DE AR CONDICIONADO 7.000 A 9.000 BTUS - HI WALL - INVERTER (II)', 23, 150.00, 'UND', 'service', 1, NULL, NULL),
	(315, 4, '838208', 'MOTOR VENTILADOR PARA AR CONDICIONADO– HI WALL OU INVERTER', 5, 100.00, 'UND', 'part', 1, NULL, '2025-03-24 10:31:39'),
	(316, 4, '838214', 'PLACA DE CONDENSADORA PARA AR CONDICIONADO DE 19.000 A 36.000 BTUS – HI WALL.', 6, 300.00, 'UND', 'part', 1, NULL, NULL),
	(317, 4, '852207', 'PLACA DE CONDENSADORA PARA AR CONDICIONADO DE 9.000 A 24.000 BTUS – INVERTER (II)', 6, 300.00, 'UND', 'part', 1, NULL, NULL),
	(318, 4, '852208', 'PLACA PRINCIPAL PARA AR CONDICIONADO DE 19.000 A 36.000 BTUS – HI WALL (II)', 6, 300.00, 'UND', 'part', 1, NULL, NULL),
	(319, 4, '838216', 'PLACA PRINCIPAL PARA AR CONDICIONADO DE 7.000 A 18.000 – HI WALL', 6, 250.00, 'UND', 'part', 1, NULL, NULL),
	(320, 4, '838218', 'PLACA PRINCIPAL PARA AR CONDICIONADO DE 9.000 A 24.000 BTUS – INVERTER', 6, 280.00, 'UND', 'part', 1, NULL, NULL),
	(321, 4, '838209', 'PROTETOR TÉRMICO PARA AR CONDICIONADO– HI WALL/ INVERTER', 5, 10.00, 'UND', 'part', 1, NULL, '2025-03-19 15:32:44'),
	(322, 4, '833245', 'RECARGA DE GAS PARA AR CONDICIONADO ATE 12.000 BTUS (II)', 50, 180.00, 'UND', 'part', 1, NULL, '2025-05-06 17:48:11'),
	(323, 4, '833248', 'RECARGA DE GAS PARA AR CONDICIONADO ATE 18.000 A 21.000 BTUS (II)', 47, 150.00, 'UND', 'part', 1, NULL, '2025-04-16 14:06:16'),
	(324, 4, '833251', 'RECARGA DE GAS PARA AR CONDICIONADO ATE 22.000 A 30.000 BTUS (II)', 17, 150.00, 'UND', 'part', 1, NULL, '2025-03-27 07:39:26'),
	(325, 4, '833254', 'RECARGA DE GAS PARA AR CONDICIONADO ATE 30.000 A 60.000 BTUS - PISO TETO (II)', 6, 180.00, 'UND', 'part', 1, NULL, '2025-03-24 16:47:16'),
	(326, 4, '852035', 'RELE DA PLACA EVAPORADORA PARA AR-CONDICIONADO – 12.000 BTUS A 60.000 BTUS', 17, 50.00, 'UND', 'part', 1, NULL, NULL),
	(327, 4, '838205', 'SENSOR DA CONDENSADORA PARA AR CONDICIONADO DE 19.000 A 36.000 BTUS– HI WALL', 6, 35.00, 'UND', 'part', 1, NULL, NULL),
	(328, 4, '838204', 'SENSOR DA CONDENSADORA PARA AR CONDICIONADO DE 7.000 A 18.000 BTUS– HI WALL', 6, 35.00, 'UND', 'part', 1, NULL, NULL),
	(329, 4, '838206', 'SENSOR DA CONDENSADORA PARA AR CONDICIONADO DE 9.000 A 24.000 BTUS– INVERTER', 6, 35.00, 'UND', 'part', 1, NULL, NULL),
	(330, 4, '838200', 'SENSOR DE DEGELO PARA AR CONDICIONADO – HI WALL', 7, 35.00, 'UND', 'part', 1, NULL, NULL),
	(331, 4, '838201', 'SENSOR DE DEGELO PARA AR CONDICIONADO – INVERTER', 3, 35.00, 'UND', 'part', 1, NULL, NULL),
	(332, 4, '838202', 'SENSOR DE TEMPERATURA PARA AR CONDICIONADO SPLIT – HI WALL', 7, 35.00, 'UND', 'part', 1, NULL, NULL),
	(333, 4, '838203', 'SENSOR DE TEMPERATURA PARA AR CONDICIONADO SPLIT – INVERTER', 6, 35.00, 'UND', 'part', 1, NULL, NULL),
	(334, 4, '838196', 'SERVIÇO DE PEQUENOS REPAROS EM APARELHO DE AR CONDICIONADO- INCLUSO REPOSIÇÃO DE PEÇAS', 6, 200.00, 'UND', 'part', 1, NULL, '2025-05-09 13:12:08'),
	(335, 4, '827508', 'SERVICO DE RETIRADA DE APARELHO DE AR CONDICIONADO (II)', 70, 100.00, 'UND', 'service', 1, NULL, '2025-05-08 20:06:16'),
	(336, 4, '852040', 'SERVIÇO DE TROCA DE CHICOTES DA CONDENSADORAS DE AR-CONDICIONADO, CABEAMENTOS COM TERMINAIS ELÉTRICOS (COM MATERIAL INCLUSO). (II)', 20, 100.00, 'UND', 'service', 1, NULL, NULL),
	(337, 4, '827509', 'SERVIÇO DE TUBULAÇÃO/DRENO/ACABAMENTO (II)', 189, 70.00, 'UND', 'service', 1, NULL, NULL),
	(338, 4, '838226', 'SUPORTE PARA CONDENSADORA DE 18.000 A 36.000 BTUS', 14, 10.00, 'UND', 'part', 1, NULL, NULL),
	(339, 4, '838225', 'SUPORTE PARA CONDENSADORA DE 7.000 A 12.000 BTUS', 14, 10.00, 'UND', 'part', 1, NULL, NULL),
	(340, 4, '851848', 'TROCA DE ÓLEO COMPRESSOR EM APARELHOS DE AR CONDICIONADO - 12.000 A 60.000 BTUS', 38, 200.00, 'UND', 'part', 1, NULL, NULL),
	(341, 4, '838210', 'TUBO CAPILAR PARA AR CONDICIONADO– HI WALL/INVERTER', 12, 20.00, 'UND', 'service', 1, NULL, NULL),
	(342, 4, '838223', 'TUBO DE COBRE PARA INSTALAÇÃO DE AR CONDICIONADO (METRO)', 189, 90.00, 'UND', 'part', 1, NULL, NULL),
	(343, 4, '851850', 'TURBINA EVAPORADORA PARA APARELHOS DE AR CONDICIONADO - 12.000 A 60.000 BTUS', 0, 168.75, 'UND', 'part', 1, NULL, '2025-05-06 18:14:21'),
	(344, 4, '838212', 'VÁLVULA DE EXPANSÃO PARA AR CONDICIONADO– HI WALL/ INVERTER', 23, 100.00, 'UND', 'part', 1, NULL, NULL);

-- Copiando estrutura para tabela chamadosv2.cache
DROP TABLE IF EXISTS `cache`;
CREATE TABLE IF NOT EXISTS `cache` (
  `key` varchar(255) COLLATE utf8mb4_unicode_ci NOT NULL,
  `value` mediumtext COLLATE utf8mb4_unicode_ci NOT NULL,
  `expiration` int NOT NULL,
  PRIMARY KEY (`key`)
) ENGINE=InnoDB DEFAULT CHARSET=utf8mb4 COLLATE=utf8mb4_unicode_ci;

-- Copiando dados para a tabela chamadosv2.cache: ~3 rows (aproximadamente)
DELETE FROM `cache`;
INSERT INTO `cache` (`key`, `value`, `expiration`) VALUES
	('livewire-rate-limiter:a17961fa74e9275d529f489537f179c05d50c2f3', 'i:1;', 1747308068),
	('livewire-rate-limiter:a17961fa74e9275d529f489537f179c05d50c2f3:timer', 'i:1747308068;', 1747308068),
	('spatie.permission.cache', 'a:3:{s:5:"alias";a:4:{s:1:"a";s:2:"id";s:1:"b";s:4:"name";s:1:"c";s:10:"guard_name";s:1:"r";s:5:"roles";}s:11:"permissions";a:40:{i:0;a:4:{s:1:"a";i:25;s:1:"b";s:9:"view user";s:1:"c";s:3:"web";s:1:"r";a:2:{i:0;i:8;i:1;i:10;}}i:1;a:4:{s:1:"a";i:26;s:1:"b";s:11:"create user";s:1:"c";s:3:"web";s:1:"r";a:2:{i:0;i:8;i:1;i:10;}}i:2;a:4:{s:1:"a";i:27;s:1:"b";s:11:"update user";s:1:"c";s:3:"web";s:1:"r";a:2:{i:0;i:8;i:1;i:10;}}i:3;a:4:{s:1:"a";i:28;s:1:"b";s:11:"delete user";s:1:"c";s:3:"web";s:1:"r";a:2:{i:0;i:8;i:1;i:10;}}i:4;a:4:{s:1:"a";i:29;s:1:"b";s:15:"view departament";s:1:"c";s:3:"web";s:1:"r";a:2:{i:0;i:8;i:1;i:10;}}i:5;a:4:{s:1:"a";i:30;s:1:"b";s:17:"create departament";s:1:"c";s:3:"web";s:1:"r";a:2:{i:0;i:8;i:1;i:10;}}i:6;a:4:{s:1:"a";i:31;s:1:"b";s:17:"update departament";s:1:"c";s:3:"web";s:1:"r";a:2:{i:0;i:8;i:1;i:10;}}i:7;a:4:{s:1:"a";i:32;s:1:"b";s:17:"delete departament";s:1:"c";s:3:"web";s:1:"r";a:2:{i:0;i:8;i:1;i:10;}}i:8;a:4:{s:1:"a";i:33;s:1:"b";s:12:"view address";s:1:"c";s:3:"web";s:1:"r";a:3:{i:0;i:8;i:1;i:9;i:2;i:10;}}i:9;a:4:{s:1:"a";i:34;s:1:"b";s:14:"create address";s:1:"c";s:3:"web";s:1:"r";a:3:{i:0;i:8;i:1;i:9;i:2;i:10;}}i:10;a:4:{s:1:"a";i:35;s:1:"b";s:14:"update address";s:1:"c";s:3:"web";s:1:"r";a:3:{i:0;i:8;i:1;i:9;i:2;i:10;}}i:11;a:4:{s:1:"a";i:36;s:1:"b";s:14:"delete address";s:1:"c";s:3:"web";s:1:"r";a:3:{i:0;i:8;i:1;i:9;i:2;i:10;}}i:12;a:4:{s:1:"a";i:37;s:1:"b";s:12:"view company";s:1:"c";s:3:"web";s:1:"r";a:1:{i:0;i:8;}}i:13;a:4:{s:1:"a";i:38;s:1:"b";s:14:"create company";s:1:"c";s:3:"web";s:1:"r";a:1:{i:0;i:8;}}i:14;a:4:{s:1:"a";i:39;s:1:"b";s:14:"update company";s:1:"c";s:3:"web";s:1:"r";a:1:{i:0;i:8;}}i:15;a:4:{s:1:"a";i:40;s:1:"b";s:14:"delete company";s:1:"c";s:3:"web";s:1:"r";a:2:{i:0;i:8;i:1;i:10;}}i:16;a:4:{s:1:"a";i:41;s:1:"b";s:15:"view permission";s:1:"c";s:3:"web";s:1:"r";a:1:{i:0;i:8;}}i:17;a:4:{s:1:"a";i:42;s:1:"b";s:17:"create permission";s:1:"c";s:3:"web";s:1:"r";a:1:{i:0;i:8;}}i:18;a:4:{s:1:"a";i:43;s:1:"b";s:17:"update permission";s:1:"c";s:3:"web";s:1:"r";a:1:{i:0;i:8;}}i:19;a:4:{s:1:"a";i:44;s:1:"b";s:17:"delete permission";s:1:"c";s:3:"web";s:1:"r";a:1:{i:0;i:8;}}i:20;a:4:{s:1:"a";i:45;s:1:"b";s:9:"view role";s:1:"c";s:3:"web";s:1:"r";a:1:{i:0;i:8;}}i:21;a:4:{s:1:"a";i:46;s:1:"b";s:11:"create role";s:1:"c";s:3:"web";s:1:"r";a:1:{i:0;i:8;}}i:22;a:4:{s:1:"a";i:47;s:1:"b";s:11:"update role";s:1:"c";s:3:"web";s:1:"r";a:1:{i:0;i:8;}}i:23;a:4:{s:1:"a";i:48;s:1:"b";s:11:"delete role";s:1:"c";s:3:"web";s:1:"r";a:1:{i:0;i:8;}}i:24;a:4:{s:1:"a";i:49;s:1:"b";s:11:"view sector";s:1:"c";s:3:"web";s:1:"r";a:2:{i:0;i:8;i:1;i:10;}}i:25;a:4:{s:1:"a";i:50;s:1:"b";s:13:"create sector";s:1:"c";s:3:"web";s:1:"r";a:2:{i:0;i:8;i:1;i:10;}}i:26;a:4:{s:1:"a";i:51;s:1:"b";s:13:"update sector";s:1:"c";s:3:"web";s:1:"r";a:2:{i:0;i:8;i:1;i:10;}}i:27;a:4:{s:1:"a";i:52;s:1:"b";s:13:"delete sector";s:1:"c";s:3:"web";s:1:"r";a:2:{i:0;i:8;i:1;i:10;}}i:28;a:4:{s:1:"a";i:53;s:1:"b";s:19:"view agreement-item";s:1:"c";s:3:"web";s:1:"r";a:2:{i:0;i:8;i:1;i:10;}}i:29;a:4:{s:1:"a";i:54;s:1:"b";s:21:"create agreement-item";s:1:"c";s:3:"web";s:1:"r";a:2:{i:0;i:8;i:1;i:10;}}i:30;a:4:{s:1:"a";i:55;s:1:"b";s:21:"update agreement-item";s:1:"c";s:3:"web";s:1:"r";a:2:{i:0;i:8;i:1;i:10;}}i:31;a:4:{s:1:"a";i:56;s:1:"b";s:21:"delete agreement-item";s:1:"c";s:3:"web";s:1:"r";a:2:{i:0;i:8;i:1;i:10;}}i:32;a:4:{s:1:"a";i:57;s:1:"b";s:20:"view price-agreement";s:1:"c";s:3:"web";s:1:"r";a:2:{i:0;i:8;i:1;i:10;}}i:33;a:4:{s:1:"a";i:58;s:1:"b";s:22:"create price-agreement";s:1:"c";s:3:"web";s:1:"r";a:2:{i:0;i:8;i:1;i:10;}}i:34;a:4:{s:1:"a";i:59;s:1:"b";s:22:"update price-agreement";s:1:"c";s:3:"web";s:1:"r";a:2:{i:0;i:8;i:1;i:10;}}i:35;a:4:{s:1:"a";i:60;s:1:"b";s:22:"delete price-agreement";s:1:"c";s:3:"web";s:1:"r";a:2:{i:0;i:8;i:1;i:10;}}i:36;a:4:{s:1:"a";i:61;s:1:"b";s:13:"view supplier";s:1:"c";s:3:"web";s:1:"r";a:2:{i:0;i:8;i:1;i:10;}}i:37;a:4:{s:1:"a";i:62;s:1:"b";s:15:"create supplier";s:1:"c";s:3:"web";s:1:"r";a:2:{i:0;i:8;i:1;i:10;}}i:38;a:4:{s:1:"a";i:63;s:1:"b";s:15:"update supplier";s:1:"c";s:3:"web";s:1:"r";a:2:{i:0;i:8;i:1;i:10;}}i:39;a:4:{s:1:"a";i:64;s:1:"b";s:15:"delete supplier";s:1:"c";s:3:"web";s:1:"r";a:2:{i:0;i:8;i:1;i:10;}}}s:5:"roles";a:3:{i:0;a:3:{s:1:"a";i:8;s:1:"b";s:11:"Super Admin";s:1:"c";s:3:"web";}i:1;a:3:{s:1:"a";i:10;s:1:"b";s:7:"Gerente";s:1:"c";s:3:"web";}i:2;a:3:{s:1:"a";i:9;s:1:"b";s:8:"Operador";s:1:"c";s:3:"web";}}}', 1747400702);

-- Copiando estrutura para tabela chamadosv2.cache_locks
DROP TABLE IF EXISTS `cache_locks`;
CREATE TABLE IF NOT EXISTS `cache_locks` (
  `key` varchar(255) COLLATE utf8mb4_unicode_ci NOT NULL,
  `owner` varchar(255) COLLATE utf8mb4_unicode_ci NOT NULL,
  `expiration` int NOT NULL,
  PRIMARY KEY (`key`)
) ENGINE=InnoDB DEFAULT CHARSET=utf8mb4 COLLATE=utf8mb4_unicode_ci;

-- Copiando dados para a tabela chamadosv2.cache_locks: ~0 rows (aproximadamente)
DELETE FROM `cache_locks`;

-- Copiando estrutura para tabela chamadosv2.companies
DROP TABLE IF EXISTS `companies`;
CREATE TABLE IF NOT EXISTS `companies` (
  `id` bigint unsigned NOT NULL AUTO_INCREMENT,
  `corporate_name` varchar(255) COLLATE utf8mb4_unicode_ci NOT NULL,
  `trade_name` varchar(255) COLLATE utf8mb4_unicode_ci NOT NULL,
  `state_registration` varchar(255) COLLATE utf8mb4_unicode_ci DEFAULT NULL,
  `cnpj` varchar(255) COLLATE utf8mb4_unicode_ci NOT NULL,
  `phone` varchar(255) COLLATE utf8mb4_unicode_ci DEFAULT NULL,
  `email` varchar(255) COLLATE utf8mb4_unicode_ci DEFAULT NULL,
  `is_active` tinyint(1) NOT NULL DEFAULT '1',
  `address_id` bigint unsigned DEFAULT NULL,
  `created_at` timestamp NULL DEFAULT NULL,
  `updated_at` timestamp NULL DEFAULT NULL,
  PRIMARY KEY (`id`),
  UNIQUE KEY `companies_cnpj_unique` (`cnpj`),
  KEY `companies_address_id_foreign` (`address_id`),
  CONSTRAINT `companies_address_id_foreign` FOREIGN KEY (`address_id`) REFERENCES `addresses` (`id`) ON DELETE SET NULL
) ENGINE=InnoDB AUTO_INCREMENT=2 DEFAULT CHARSET=utf8mb4 COLLATE=utf8mb4_unicode_ci;

-- Copiando dados para a tabela chamadosv2.companies: ~1 rows (aproximadamente)
DELETE FROM `companies`;
INSERT INTO `companies` (`id`, `corporate_name`, `trade_name`, `state_registration`, `cnpj`, `phone`, `email`, `is_active`, `address_id`, `created_at`, `updated_at`) VALUES
	(1, 'PREFEITURA MUNICIPAL DE NOVA MUTUM', 'PREFEITURA MUNICIPAL DE NOVA MUTUM', NULL, '24772162000106', '00000000000', '', 1, 1, '2025-05-13 01:23:40', '2025-05-13 23:38:07');

-- Copiando estrutura para tabela chamadosv2.departaments
DROP TABLE IF EXISTS `departaments`;
CREATE TABLE IF NOT EXISTS `departaments` (
  `id` bigint unsigned NOT NULL AUTO_INCREMENT,
  `company_id` bigint unsigned NOT NULL,
  `address_id` bigint unsigned DEFAULT NULL,
  `name` varchar(255) COLLATE utf8mb4_unicode_ci NOT NULL,
  `contact_person` varchar(255) COLLATE utf8mb4_unicode_ci DEFAULT NULL,
  `cell_phone` varchar(255) COLLATE utf8mb4_unicode_ci DEFAULT NULL,
  `extension` varchar(255) COLLATE utf8mb4_unicode_ci DEFAULT NULL,
  `email` varchar(255) COLLATE utf8mb4_unicode_ci DEFAULT NULL,
  `is_active` tinyint(1) NOT NULL DEFAULT '1',
  `created_at` timestamp NULL DEFAULT NULL,
  `updated_at` timestamp NULL DEFAULT NULL,
  PRIMARY KEY (`id`),
  KEY `departaments_company_id_foreign` (`company_id`),
  KEY `departaments_address_id_foreign` (`address_id`),
  CONSTRAINT `departaments_address_id_foreign` FOREIGN KEY (`address_id`) REFERENCES `addresses` (`id`) ON DELETE SET NULL,
  CONSTRAINT `departaments_company_id_foreign` FOREIGN KEY (`company_id`) REFERENCES `companies` (`id`) ON DELETE CASCADE
) ENGINE=InnoDB AUTO_INCREMENT=3 DEFAULT CHARSET=utf8mb4 COLLATE=utf8mb4_unicode_ci;

-- Copiando dados para a tabela chamadosv2.departaments: ~9 rows (aproximadamente)
DELETE FROM `departaments`;
INSERT INTO `departaments` (`id`, `company_id`, `address_id`, `name`, `contact_person`, `cell_phone`, `extension`, `email`, `is_active`, `created_at`, `updated_at`) VALUES
	(1, 1, NULL, 'SECRETARIA MUNICIPAL DE SAÚDE', 'SÔNIA', NULL, '5400', 'adm.saude@novamutum.mt.gov.br', 1, '2024-04-04 09:54:34', '2024-04-04 09:54:34'),
	(2, 1, NULL, 'SECRETARIA MUNICIPAL DE ADMINISTRAÇÃO', 'ILDO', NULL, '5400', 'adm@novamutum.mt.gov.br', 1, '2024-04-04 09:54:34', '2024-11-27 17:14:07'),
	(10, 1, NULL, 'SECRETARIA DE OBRAS', 'ONESIO', NULL, NULL, NULL, 1, '2024-05-15 07:32:21', '2024-05-15 07:32:21'),
	(11, 1, NULL, 'SECRETARIA DE ASSISTÊNCIA SOCIAL', 'ALINE FELIX', NULL, NULL, NULL, 1, '2024-05-15 07:32:50', '2024-05-15 07:32:50'),
	(12, 1, NULL, 'SECRETARIA DE AGRICULTURA', 'MÁRCIA APARECIDA COELHO', NULL, NULL, NULL, 1, '2024-05-15 07:33:19', '2024-05-15 07:33:19'),
	(13, 1, NULL, 'SECRETARIA DE CULTURA E ESPORTE', 'TOSHIO ONGHERO TAKAGUI', NULL, NULL, NULL, 1, '2024-05-15 07:33:41', '2024-05-15 07:33:41'),
	(14, 1, NULL, 'SECRETARIA EDUCAÇÃO', 'ELENA MARIA MAASS LIMA', NULL, NULL, NULL, 1, '2024-05-15 07:33:57', '2024-05-15 07:34:25'),
	(15, 1, NULL, 'GERAL', 'GERAL', NULL, NULL, NULL, 1, '2024-07-29 23:06:07', '2024-08-08 21:41:41'),
	(16, 1, NULL, 'ADMINISTRAÇÃO', 'ILDO FACCIO', NULL, NULL, NULL, 1, '2024-11-27 17:15:55', '2024-11-27 17:39:35');

-- Copiando estrutura para tabela chamadosv2.failed_jobs
DROP TABLE IF EXISTS `failed_jobs`;
CREATE TABLE IF NOT EXISTS `failed_jobs` (
  `id` bigint unsigned NOT NULL AUTO_INCREMENT,
  `uuid` varchar(255) COLLATE utf8mb4_unicode_ci NOT NULL,
  `connection` text COLLATE utf8mb4_unicode_ci NOT NULL,
  `queue` text COLLATE utf8mb4_unicode_ci NOT NULL,
  `payload` longtext COLLATE utf8mb4_unicode_ci NOT NULL,
  `exception` longtext COLLATE utf8mb4_unicode_ci NOT NULL,
  `failed_at` timestamp NOT NULL DEFAULT CURRENT_TIMESTAMP,
  PRIMARY KEY (`id`),
  UNIQUE KEY `failed_jobs_uuid_unique` (`uuid`)
) ENGINE=InnoDB DEFAULT CHARSET=utf8mb4 COLLATE=utf8mb4_unicode_ci;

-- Copiando dados para a tabela chamadosv2.failed_jobs: ~0 rows (aproximadamente)
DELETE FROM `failed_jobs`;

-- Copiando estrutura para tabela chamadosv2.jobs
DROP TABLE IF EXISTS `jobs`;
CREATE TABLE IF NOT EXISTS `jobs` (
  `id` bigint unsigned NOT NULL AUTO_INCREMENT,
  `queue` varchar(255) COLLATE utf8mb4_unicode_ci NOT NULL,
  `payload` longtext COLLATE utf8mb4_unicode_ci NOT NULL,
  `attempts` tinyint unsigned NOT NULL,
  `reserved_at` int unsigned DEFAULT NULL,
  `available_at` int unsigned NOT NULL,
  `created_at` int unsigned NOT NULL,
  PRIMARY KEY (`id`),
  KEY `jobs_queue_index` (`queue`)
) ENGINE=InnoDB DEFAULT CHARSET=utf8mb4 COLLATE=utf8mb4_unicode_ci;

-- Copiando dados para a tabela chamadosv2.jobs: ~0 rows (aproximadamente)
DELETE FROM `jobs`;

-- Copiando estrutura para tabela chamadosv2.job_batches
DROP TABLE IF EXISTS `job_batches`;
CREATE TABLE IF NOT EXISTS `job_batches` (
  `id` varchar(255) COLLATE utf8mb4_unicode_ci NOT NULL,
  `name` varchar(255) COLLATE utf8mb4_unicode_ci NOT NULL,
  `total_jobs` int NOT NULL,
  `pending_jobs` int NOT NULL,
  `failed_jobs` int NOT NULL,
  `failed_job_ids` longtext COLLATE utf8mb4_unicode_ci NOT NULL,
  `options` mediumtext COLLATE utf8mb4_unicode_ci,
  `cancelled_at` int DEFAULT NULL,
  `created_at` int NOT NULL,
  `finished_at` int DEFAULT NULL,
  PRIMARY KEY (`id`)
) ENGINE=InnoDB DEFAULT CHARSET=utf8mb4 COLLATE=utf8mb4_unicode_ci;

-- Copiando dados para a tabela chamadosv2.job_batches: ~0 rows (aproximadamente)
DELETE FROM `job_batches`;

-- Copiando estrutura para tabela chamadosv2.migrations
DROP TABLE IF EXISTS `migrations`;
CREATE TABLE IF NOT EXISTS `migrations` (
  `id` int unsigned NOT NULL AUTO_INCREMENT,
  `migration` varchar(255) COLLATE utf8mb4_unicode_ci NOT NULL,
  `batch` int NOT NULL,
  PRIMARY KEY (`id`)
) ENGINE=InnoDB AUTO_INCREMENT=14 DEFAULT CHARSET=utf8mb4 COLLATE=utf8mb4_unicode_ci;

-- Copiando dados para a tabela chamadosv2.migrations: ~13 rows (aproximadamente)
DELETE FROM `migrations`;
INSERT INTO `migrations` (`id`, `migration`, `batch`) VALUES
	(1, '0001_01_01_000000_create_users_table', 1),
	(2, '0001_01_01_000001_create_cache_table', 1),
	(3, '0001_01_01_000002_create_jobs_table', 1),
	(4, '2025_05_08_173402_create_permission_tables', 1),
	(5, '2025_05_08_200606_create_addresses_table', 1),
	(6, '2025_05_08_200607_create_companies_table', 1),
	(7, '2025_05_08_200709_add_company_id_to_users_table', 1),
	(8, '2025_05_09_135947_create_departaments_table', 1),
	(9, '2025_05_12_112455_add_company_id_to_addresses_table', 1),
	(10, '2025_05_12_213250_create_sectors_table', 2),
	(11, '2025_05_12_213252_create_suppliers_table', 3),
	(12, '2025_05_12_213253_create_price_agreements_table', 3),
	(13, '2025_05_12_213255_create_agreement_items_table', 3);

-- Copiando estrutura para tabela chamadosv2.model_has_permissions
DROP TABLE IF EXISTS `model_has_permissions`;
CREATE TABLE IF NOT EXISTS `model_has_permissions` (
  `permission_id` bigint unsigned NOT NULL,
  `model_type` varchar(255) COLLATE utf8mb4_unicode_ci NOT NULL,
  `model_id` bigint unsigned NOT NULL,
  PRIMARY KEY (`permission_id`,`model_id`,`model_type`),
  KEY `model_has_permissions_model_id_model_type_index` (`model_id`,`model_type`),
  CONSTRAINT `model_has_permissions_permission_id_foreign` FOREIGN KEY (`permission_id`) REFERENCES `permissions` (`id`) ON DELETE CASCADE
) ENGINE=InnoDB DEFAULT CHARSET=utf8mb4 COLLATE=utf8mb4_unicode_ci;

-- Copiando dados para a tabela chamadosv2.model_has_permissions: ~0 rows (aproximadamente)
DELETE FROM `model_has_permissions`;

-- Copiando estrutura para tabela chamadosv2.model_has_roles
DROP TABLE IF EXISTS `model_has_roles`;
CREATE TABLE IF NOT EXISTS `model_has_roles` (
  `role_id` bigint unsigned NOT NULL,
  `model_type` varchar(255) COLLATE utf8mb4_unicode_ci NOT NULL,
  `model_id` bigint unsigned NOT NULL,
  PRIMARY KEY (`role_id`,`model_id`,`model_type`),
  KEY `model_has_roles_model_id_model_type_index` (`model_id`,`model_type`),
  CONSTRAINT `model_has_roles_role_id_foreign` FOREIGN KEY (`role_id`) REFERENCES `roles` (`id`) ON DELETE CASCADE
) ENGINE=InnoDB DEFAULT CHARSET=utf8mb4 COLLATE=utf8mb4_unicode_ci;

-- Copiando dados para a tabela chamadosv2.model_has_roles: ~3 rows (aproximadamente)
DELETE FROM `model_has_roles`;
INSERT INTO `model_has_roles` (`role_id`, `model_type`, `model_id`) VALUES
	(10, 'App\\Models\\User', 2),
	(9, 'App\\Models\\User', 3),
	(8, 'App\\Models\\User', 6);

-- Copiando estrutura para tabela chamadosv2.password_reset_tokens
DROP TABLE IF EXISTS `password_reset_tokens`;
CREATE TABLE IF NOT EXISTS `password_reset_tokens` (
  `email` varchar(255) COLLATE utf8mb4_unicode_ci NOT NULL,
  `token` varchar(255) COLLATE utf8mb4_unicode_ci NOT NULL,
  `created_at` timestamp NULL DEFAULT NULL,
  PRIMARY KEY (`email`)
) ENGINE=InnoDB DEFAULT CHARSET=utf8mb4 COLLATE=utf8mb4_unicode_ci;

-- Copiando dados para a tabela chamadosv2.password_reset_tokens: ~0 rows (aproximadamente)
DELETE FROM `password_reset_tokens`;

-- Copiando estrutura para tabela chamadosv2.permissions
DROP TABLE IF EXISTS `permissions`;
CREATE TABLE IF NOT EXISTS `permissions` (
  `id` bigint unsigned NOT NULL AUTO_INCREMENT,
  `name` varchar(255) COLLATE utf8mb4_unicode_ci NOT NULL,
  `guard_name` varchar(255) COLLATE utf8mb4_unicode_ci NOT NULL,
  `created_at` timestamp NULL DEFAULT NULL,
  `updated_at` timestamp NULL DEFAULT NULL,
  PRIMARY KEY (`id`),
  UNIQUE KEY `permissions_name_guard_name_unique` (`name`,`guard_name`)
) ENGINE=InnoDB AUTO_INCREMENT=65 DEFAULT CHARSET=utf8mb4 COLLATE=utf8mb4_unicode_ci;

-- Copiando dados para a tabela chamadosv2.permissions: ~40 rows (aproximadamente)
DELETE FROM `permissions`;
INSERT INTO `permissions` (`id`, `name`, `guard_name`, `created_at`, `updated_at`) VALUES
	(25, 'view user', 'web', '2025-05-12 23:41:01', '2025-05-12 23:41:01'),
	(26, 'create user', 'web', '2025-05-12 23:41:01', '2025-05-12 23:41:01'),
	(27, 'update user', 'web', '2025-05-12 23:41:01', '2025-05-12 23:41:01'),
	(28, 'delete user', 'web', '2025-05-12 23:41:01', '2025-05-12 23:41:01'),
	(29, 'view departament', 'web', '2025-05-12 23:41:01', '2025-05-12 23:41:01'),
	(30, 'create departament', 'web', '2025-05-12 23:41:01', '2025-05-12 23:41:01'),
	(31, 'update departament', 'web', '2025-05-12 23:41:01', '2025-05-12 23:41:01'),
	(32, 'delete departament', 'web', '2025-05-12 23:41:01', '2025-05-12 23:41:01'),
	(33, 'view address', 'web', '2025-05-12 23:41:01', '2025-05-12 23:41:01'),
	(34, 'create address', 'web', '2025-05-12 23:41:01', '2025-05-12 23:41:01'),
	(35, 'update address', 'web', '2025-05-12 23:41:01', '2025-05-12 23:41:01'),
	(36, 'delete address', 'web', '2025-05-12 23:41:01', '2025-05-12 23:41:01'),
	(37, 'view company', 'web', '2025-05-13 00:00:09', '2025-05-13 00:00:09'),
	(38, 'create company', 'web', '2025-05-13 00:19:50', '2025-05-13 00:19:50'),
	(39, 'update company', 'web', '2025-05-13 00:19:50', '2025-05-13 00:19:50'),
	(40, 'delete company', 'web', '2025-05-13 00:19:50', '2025-05-13 00:19:50'),
	(41, 'view permission', 'web', '2025-05-13 00:19:50', '2025-05-13 00:19:50'),
	(42, 'create permission', 'web', '2025-05-13 00:19:50', '2025-05-13 00:19:50'),
	(43, 'update permission', 'web', '2025-05-13 00:19:50', '2025-05-13 00:19:50'),
	(44, 'delete permission', 'web', '2025-05-13 00:19:50', '2025-05-13 00:19:50'),
	(45, 'view role', 'web', '2025-05-13 00:19:50', '2025-05-13 00:19:50'),
	(46, 'create role', 'web', '2025-05-13 00:19:50', '2025-05-13 00:19:50'),
	(47, 'update role', 'web', '2025-05-13 00:19:50', '2025-05-13 00:19:50'),
	(48, 'delete role', 'web', '2025-05-13 00:19:50', '2025-05-13 00:19:50'),
	(49, 'view sector', 'web', '2025-05-13 01:40:31', '2025-05-13 01:40:31'),
	(50, 'create sector', 'web', '2025-05-13 01:40:31', '2025-05-13 01:40:31'),
	(51, 'update sector', 'web', '2025-05-13 01:40:31', '2025-05-13 01:40:31'),
	(52, 'delete sector', 'web', '2025-05-13 01:40:31', '2025-05-13 01:40:31'),
	(53, 'view agreement-item', 'web', '2025-05-15 15:21:07', '2025-05-15 15:21:07'),
	(54, 'create agreement-item', 'web', '2025-05-15 15:21:07', '2025-05-15 15:21:07'),
	(55, 'update agreement-item', 'web', '2025-05-15 15:21:07', '2025-05-15 15:21:07'),
	(56, 'delete agreement-item', 'web', '2025-05-15 15:21:07', '2025-05-15 15:21:07'),
	(57, 'view price-agreement', 'web', '2025-05-15 15:21:07', '2025-05-15 15:21:07'),
	(58, 'create price-agreement', 'web', '2025-05-15 15:21:07', '2025-05-15 15:21:07'),
	(59, 'update price-agreement', 'web', '2025-05-15 15:21:07', '2025-05-15 15:21:07'),
	(60, 'delete price-agreement', 'web', '2025-05-15 15:21:07', '2025-05-15 15:21:07'),
	(61, 'view supplier', 'web', '2025-05-15 15:21:07', '2025-05-15 15:21:07'),
	(62, 'create supplier', 'web', '2025-05-15 15:21:07', '2025-05-15 15:21:07'),
	(63, 'update supplier', 'web', '2025-05-15 15:21:07', '2025-05-15 15:21:07'),
	(64, 'delete supplier', 'web', '2025-05-15 15:21:07', '2025-05-15 15:21:07');

-- Copiando estrutura para tabela chamadosv2.price_agreements
DROP TABLE IF EXISTS `price_agreements`;
CREATE TABLE IF NOT EXISTS `price_agreements` (
  `id` bigint unsigned NOT NULL AUTO_INCREMENT,
  `number` varchar(255) COLLATE utf8mb4_unicode_ci NOT NULL,
  `year` year NOT NULL,
  `signature_date` date DEFAULT NULL,
  `valid_until` date DEFAULT NULL,
  `object` text COLLATE utf8mb4_unicode_ci NOT NULL,
  `supplier_id` bigint unsigned NOT NULL,
  `company_id` bigint unsigned NOT NULL,
  `created_at` timestamp NULL DEFAULT NULL,
  `updated_at` timestamp NULL DEFAULT NULL,
  PRIMARY KEY (`id`),
  KEY `price_agreements_supplier_id_foreign` (`supplier_id`),
  KEY `price_agreements_company_id_foreign` (`company_id`),
  CONSTRAINT `price_agreements_company_id_foreign` FOREIGN KEY (`company_id`) REFERENCES `companies` (`id`) ON DELETE CASCADE,
  CONSTRAINT `price_agreements_supplier_id_foreign` FOREIGN KEY (`supplier_id`) REFERENCES `suppliers` (`id`) ON DELETE CASCADE
) ENGINE=InnoDB AUTO_INCREMENT=5 DEFAULT CHARSET=utf8mb4 COLLATE=utf8mb4_unicode_ci;

-- Copiando dados para a tabela chamadosv2.price_agreements: ~4 rows (aproximadamente)
DELETE FROM `price_agreements`;
INSERT INTO `price_agreements` (`id`, `number`, `year`, `signature_date`, `valid_until`, `object`, `supplier_id`, `company_id`, `created_at`, `updated_at`) VALUES
	(1, '472', '2024', NULL, '1996-01-04', 'MANUTENÇÃO DE EQUIPAMENTO HOSPITALAR E CORRELATOS', 4, 1, '2024-08-27 19:25:55', NULL),
	(2, '48', '2025', '2025-02-02', '2056-01-04', 'MANUTENÇÃO DE AR CONDICIONADO E CORRELATOS', 10, 1, '2025-02-10 20:05:24', '2025-02-25 22:39:44'),
	(3, '49', '2025', '2025-02-02', '2056-01-04', 'MANUTENÇÃO DE AR CONDICIONADO E CORRELATOS', 9, 1, '2025-02-10 20:06:02', '2025-02-25 22:39:31'),
	(4, '47', '2025', '2025-02-02', '2056-01-04', 'MANUTENÇÃO DE AR CONDICIONADO E CORRELATOS', 5, 1, '2025-02-10 20:06:02', '2025-02-25 22:39:53');

-- Copiando estrutura para tabela chamadosv2.roles
DROP TABLE IF EXISTS `roles`;
CREATE TABLE IF NOT EXISTS `roles` (
  `id` bigint unsigned NOT NULL AUTO_INCREMENT,
  `name` varchar(255) COLLATE utf8mb4_unicode_ci NOT NULL,
  `guard_name` varchar(255) COLLATE utf8mb4_unicode_ci NOT NULL,
  `created_at` timestamp NULL DEFAULT NULL,
  `updated_at` timestamp NULL DEFAULT NULL,
  PRIMARY KEY (`id`),
  UNIQUE KEY `roles_name_guard_name_unique` (`name`,`guard_name`)
) ENGINE=InnoDB AUTO_INCREMENT=11 DEFAULT CHARSET=utf8mb4 COLLATE=utf8mb4_unicode_ci;

-- Copiando dados para a tabela chamadosv2.roles: ~3 rows (aproximadamente)
DELETE FROM `roles`;
INSERT INTO `roles` (`id`, `name`, `guard_name`, `created_at`, `updated_at`) VALUES
	(8, 'Super Admin', 'web', '2025-05-12 23:41:01', '2025-05-12 23:41:01'),
	(9, 'Operador', 'web', '2025-05-13 00:04:21', '2025-05-13 00:04:22'),
	(10, 'Gerente', 'web', '2025-05-13 00:22:59', '2025-05-13 00:22:59');

-- Copiando estrutura para tabela chamadosv2.role_has_permissions
DROP TABLE IF EXISTS `role_has_permissions`;
CREATE TABLE IF NOT EXISTS `role_has_permissions` (
  `permission_id` bigint unsigned NOT NULL,
  `role_id` bigint unsigned NOT NULL,
  PRIMARY KEY (`permission_id`,`role_id`),
  KEY `role_has_permissions_role_id_foreign` (`role_id`),
  CONSTRAINT `role_has_permissions_permission_id_foreign` FOREIGN KEY (`permission_id`) REFERENCES `permissions` (`id`) ON DELETE CASCADE,
  CONSTRAINT `role_has_permissions_role_id_foreign` FOREIGN KEY (`role_id`) REFERENCES `roles` (`id`) ON DELETE CASCADE
) ENGINE=InnoDB DEFAULT CHARSET=utf8mb4 COLLATE=utf8mb4_unicode_ci;

-- Copiando dados para a tabela chamadosv2.role_has_permissions: ~73 rows (aproximadamente)
DELETE FROM `role_has_permissions`;
INSERT INTO `role_has_permissions` (`permission_id`, `role_id`) VALUES
	(25, 8),
	(26, 8),
	(27, 8),
	(28, 8),
	(29, 8),
	(30, 8),
	(31, 8),
	(32, 8),
	(33, 8),
	(34, 8),
	(35, 8),
	(36, 8),
	(37, 8),
	(38, 8),
	(39, 8),
	(40, 8),
	(41, 8),
	(42, 8),
	(43, 8),
	(44, 8),
	(45, 8),
	(46, 8),
	(47, 8),
	(48, 8),
	(49, 8),
	(50, 8),
	(51, 8),
	(52, 8),
	(53, 8),
	(54, 8),
	(55, 8),
	(56, 8),
	(57, 8),
	(58, 8),
	(59, 8),
	(60, 8),
	(61, 8),
	(62, 8),
	(63, 8),
	(64, 8),
	(33, 9),
	(34, 9),
	(35, 9),
	(36, 9),
	(25, 10),
	(26, 10),
	(27, 10),
	(28, 10),
	(29, 10),
	(30, 10),
	(31, 10),
	(32, 10),
	(33, 10),
	(34, 10),
	(35, 10),
	(36, 10),
	(40, 10),
	(49, 10),
	(50, 10),
	(51, 10),
	(52, 10),
	(53, 10),
	(54, 10),
	(55, 10),
	(56, 10),
	(57, 10),
	(58, 10),
	(59, 10),
	(60, 10),
	(61, 10),
	(62, 10),
	(63, 10),
	(64, 10);

-- Copiando estrutura para tabela chamadosv2.sectors
DROP TABLE IF EXISTS `sectors`;
CREATE TABLE IF NOT EXISTS `sectors` (
  `id` bigint unsigned NOT NULL AUTO_INCREMENT,
  `name` varchar(255) COLLATE utf8mb4_unicode_ci NOT NULL,
  `departament_id` bigint unsigned NOT NULL,
  `address_id` bigint unsigned DEFAULT NULL,
  `extension` varchar(255) COLLATE utf8mb4_unicode_ci DEFAULT NULL,
  `cell_phone` varchar(255) COLLATE utf8mb4_unicode_ci DEFAULT NULL,
  `responsible` varchar(255) COLLATE utf8mb4_unicode_ci DEFAULT NULL,
  `email` varchar(255) COLLATE utf8mb4_unicode_ci DEFAULT NULL,
  `is_active` tinyint(1) NOT NULL DEFAULT '1',
  `created_at` timestamp NULL DEFAULT NULL,
  `updated_at` timestamp NULL DEFAULT NULL,
  PRIMARY KEY (`id`),
  KEY `sectors_departament_id_foreign` (`departament_id`),
  KEY `sectors_address_id_foreign` (`address_id`),
  CONSTRAINT `sectors_address_id_foreign` FOREIGN KEY (`address_id`) REFERENCES `addresses` (`id`) ON DELETE SET NULL,
  CONSTRAINT `sectors_departament_id_foreign` FOREIGN KEY (`departament_id`) REFERENCES `departaments` (`id`) ON DELETE CASCADE
) ENGINE=InnoDB AUTO_INCREMENT=142 DEFAULT CHARSET=utf8mb4 COLLATE=utf8mb4_unicode_ci;

-- Copiando dados para a tabela chamadosv2.sectors: ~43 rows (aproximadamente)
DELETE FROM `sectors`;
INSERT INTO `sectors` (`id`, `name`, `departament_id`, `address_id`, `extension`, `cell_phone`, `responsible`, `email`, `is_active`, `created_at`, `updated_at`) VALUES
	(40, 'ESCOLA MONTEIRO LOBATO', 14, NULL, NULL, NULL, NULL, 'cmeiimonteirolobato@novamutum.mt.gov.br', 1, NULL, '2025-01-02 19:01:51'),
	(41, 'ESCOLA CAMINHOS DO SABER ', 14, NULL, NULL, NULL, NULL, 'cmebicaminhosdosaber@novamutum.mt.gov.br', 1, NULL, NULL),
	(42, 'ESCOLA 15 DE OUTUBRO ', 14, NULL, NULL, NULL, NULL, 'emeb15deoutubro@novamutum.mt.gov.br', 1, NULL, NULL),
	(43, 'SEC. EDUCAÇÃO ', 14, NULL, NULL, NULL, NULL, 'educacaocompras@novamutum.mt.gov.br', 1, NULL, NULL),
	(44, 'TANCREDO NEVES  / LABORATORIO DE APRENDIZAGEM', 14, NULL, NULL, NULL, NULL, 'ceitancredo1085@hotmail.com', 1, NULL, NULL),
	(45, 'CMEII - CRECHE MUNICIPAL MAE AMIGA', 14, NULL, NULL, NULL, NULL, 'cmeiimaeamiga@novamutum.mt.gov.br', 1, NULL, NULL),
	(46, 'CMEBI - ESCOLA MUNICIPAL CARLOS DRUMMOND DE ANDRADE', 14, NULL, NULL, NULL, NULL, 'carlosdrummonddeandrades@novamutum.mt.gov.br', 1, NULL, NULL),
	(47, 'CMEBI - ESCOLA MUNICIPAL CORA CORALINA', 14, NULL, NULL, NULL, NULL, 'coracoralina@novamutum.mt.gov.br', 1, NULL, NULL),
	(48, 'E.M. - ESCOLA MUNICIPAL 4 DE JULHO', 14, NULL, NULL, NULL, NULL, 'escolamunicipal4dejulho@novamutum.mt.gov.br', 1, NULL, NULL),
	(49, 'E.M.E.B.I MARTON LUCCA', 14, NULL, NULL, NULL, NULL, 'emebimartonlucca@novamutum.mt.gov.br', 1, NULL, NULL),
	(50, 'CEII - CRECHE RECANTO DOS ENCANTOS', 14, NULL, NULL, NULL, NULL, 'ceiirecantodosencantos@novamutum.mt.gov.br', 1, NULL, NULL),
	(51, 'CMEBI – E. M. LÚCIA FACCIO TASCA', 14, NULL, NULL, NULL, NULL, 'luciafacciotasca@novamutum.mt.gov.br', 1, NULL, NULL),
	(52, 'CFENM - CENTRO DE FORMAÇÃO DA EDUCAÇÃO DE NOVA MUTUM', 14, NULL, NULL, NULL, NULL, 'educacao.formacoes@novamutum.mt.gov.br', 1, NULL, NULL),
	(53, 'CMEBI – E. M. CECILIA MEIRELES', 14, NULL, NULL, NULL, NULL, 'cmebiceciliameireles@novamutum.mt.gov.br', 1, NULL, NULL),
	(54, 'C.E.I.I. PEQUENO APRENDIZ', 14, NULL, NULL, NULL, NULL, 'ceiipequenoaprendiz@novamutum.mt.gov.br', 1, NULL, NULL),
	(55, 'CMEII PEQUENOS BRILHANTES', 14, NULL, NULL, NULL, NULL, 'cmeiipequenosbrilhantes@novamutum.mt.gov.br', 1, NULL, NULL),
	(57, 'ESCOLA AGRICOLA RANCHÃO ', 14, NULL, NULL, NULL, NULL, 'emrprodutivaranchao@novamutum.mt.gov.br', 1, NULL, NULL),
	(62, 'DESENVOLVER - ASSISTENCIA ', 11, NULL, NULL, NULL, NULL, 'centrosocialdesenvolver@novamutum.mt.gov.br', 1, NULL, NULL),
	(63, 'ASSISTENCIA SOCIAL ', 11, NULL, NULL, NULL, NULL, 'assistenciasocial@novamutum.mt.gov.br', 1, NULL, NULL),
	(65, 'SAMA', 12, NULL, NULL, NULL, NULL, 'testesama@gmail.com', 1, NULL, NULL),
	(66, 'ESCOLA MUNICIPAL DO CAMPO JORGE CARLOS FERREIRA ', 14, NULL, NULL, NULL, NULL, 'emcjorgecarlosferreira@novamutum.mt.gov.br', 1, NULL, NULL),
	(67, 'GINASIO LAURO IMMICH', 13, NULL, NULL, NULL, NULL, 'administrativo.esporte@novamutum.mt.gov.br', 1, NULL, NULL),
	(68, 'CRAS  ASSISTENCIA ', 11, NULL, NULL, NULL, NULL, 'cras@novamutum.mt.gov.br', 1, NULL, NULL),
	(69, 'HABITAÇÃO ASSISTENCIA ', 11, NULL, NULL, NULL, NULL, 'habitatacao@novamutum.mt.gov.br', 1, NULL, NULL),
	(70, 'CONSELHO TUTELAR ', 11, NULL, NULL, '65) 99628-3858', NULL, 'assistenciasocial@novamutum.mt.gov.br', 1, NULL, NULL),
	(73, 'OBRAS PONTAL DO MARAPE ', 10, NULL, NULL, NULL, NULL, 'obras.pontal@novamutum.mt.gov.br', 1, NULL, NULL),
	(74, 'CREAS ASSISTENCIA ', 11, NULL, NULL, NULL, NULL, 'creas@novamutum.mt.gov.br', 1, NULL, NULL),
	(126, 'DEPARTAMENTO DE FROTAS', 16, NULL, NULL, NULL, NULL, NULL, 1, '2024-11-28 17:33:22', '2024-11-28 17:33:22'),
	(127, 'SALA SEGURANCA DO TRABALHO', 16, NULL, NULL, NULL, NULL, NULL, 1, '2024-11-28 17:37:12', '2024-11-28 17:37:12'),
	(128, 'DEPARTAMENTO TRIBUTAÇÃO', 16, NULL, NULL, NULL, NULL, NULL, 1, '2025-01-06 14:05:33', '2025-01-06 14:05:33'),
	(129, 'CASA DA CULTURA', 13, NULL, NULL, NULL, NULL, NULL, 1, '2025-01-24 11:35:27', '2025-01-24 11:35:27'),
	(130, 'AQUARELA DO SABER ', 14, NULL, NULL, NULL, NULL, 'cmeiiaquareladosaber@novamutum.mt.gov.br', 1, '2025-02-05 13:58:24', '2025-02-05 13:58:24'),
	(131, 'ESCOLA O SEMEADOR', 16, NULL, NULL, NULL, NULL, 'emebosemeador@novamutm.mt.gov.br', 1, '2025-02-07 16:40:28', '2025-02-07 16:40:28'),
	(132, 'CRECHE VILA DOS SONHOS ', 14, NULL, NULL, NULL, NULL, 'cmeiiviladossonhos@novamutum.mt.gov.br', 1, '2025-02-10 11:03:55', '2025-02-10 11:03:55'),
	(133, 'JARDIM ENCANTADO ', 14, NULL, NULL, NULL, NULL, 'cmeiijardimencantado@novamutum.mt.gov.br', 1, '2025-02-13 11:10:02', '2025-02-13 11:10:02'),
	(134, 'SEMENTES DO FUTURO ', 14, NULL, NULL, NULL, NULL, 'preranchao@novamutum.mt.gov.br', 1, '2025-02-21 10:58:46', '2025-02-21 10:58:46'),
	(135, 'BIBLIOTECA MUNICIPAL ', 13, NULL, NULL, NULL, NULL, 'biblioteca@novamutum.mt.gov.br', 1, '2025-02-25 14:16:47', '2025-02-25 14:16:47'),
	(136, 'SETOR ILUMINAÇÃO ', 10, NULL, NULL, NULL, NULL, 'obras@novamutum.mt.gov.br', 1, '2025-03-05 22:36:46', '2025-03-05 22:36:46'),
	(137, 'ESTADIO MUNICIPAL', 13, NULL, NULL, NULL, NULL, 'esportes@novamutum.mt.gov.br', 1, '2025-03-07 08:59:43', '2025-03-07 09:00:57'),
	(138, 'ESTADIO MUNICIPAL ', 13, NULL, NULL, NULL, NULL, 'esportes@novamutum.mt.gov.br', 1, '2025-03-07 09:16:19', '2025-03-07 09:18:34'),
	(139, 'ESTADIO MUNICIPAL ', 13, NULL, NULL, NULL, NULL, 'esportes@novamutum.mt.gov.br', 1, '2025-03-07 09:33:10', '2025-03-07 09:33:10'),
	(140, 'ESCOLA SÃO JOSE / SÃO MANOEL ', 14, NULL, NULL, NULL, NULL, 'emcsaojose@novamutum.mt.gov.br', 1, '2025-03-19 14:06:31', '2025-03-19 14:06:31'),
	(141, 'ESCOLA FUTURO BRILHANTE ', 14, NULL, NULL, NULL, NULL, 'emebfuturobrilhante@novamutum.mt.gov.br', 1, '2025-04-09 14:47:49', '2025-04-09 14:47:49');

-- Copiando estrutura para tabela chamadosv2.sessions
DROP TABLE IF EXISTS `sessions`;
CREATE TABLE IF NOT EXISTS `sessions` (
  `id` varchar(255) COLLATE utf8mb4_unicode_ci NOT NULL,
  `user_id` bigint unsigned DEFAULT NULL,
  `ip_address` varchar(45) COLLATE utf8mb4_unicode_ci DEFAULT NULL,
  `user_agent` text COLLATE utf8mb4_unicode_ci,
  `payload` longtext COLLATE utf8mb4_unicode_ci NOT NULL,
  `last_activity` int NOT NULL,
  PRIMARY KEY (`id`),
  KEY `sessions_user_id_index` (`user_id`),
  KEY `sessions_last_activity_index` (`last_activity`)
) ENGINE=InnoDB DEFAULT CHARSET=utf8mb4 COLLATE=utf8mb4_unicode_ci;

-- Copiando dados para a tabela chamadosv2.sessions: ~2 rows (aproximadamente)
DELETE FROM `sessions`;
INSERT INTO `sessions` (`id`, `user_id`, `ip_address`, `user_agent`, `payload`, `last_activity`) VALUES
	('OnCok6NjTQXzfKdkl2oGg7JL99Mnk8EischMsJtG', 3, '127.0.0.1', 'Mozilla/5.0 (Windows NT 10.0; Win64; x64; rv:138.0) Gecko/20100101 Firefox/138.0', 'YTo1OntzOjY6Il90b2tlbiI7czo0MDoiWTFQY3RvS3JnR2huOGZHTThuNGpLc0dTTlJMcGFoOWROU3JCZ29KcCI7czo5OiJfcHJldmlvdXMiO2E6MTp7czozOiJ1cmwiO3M6Mzc6Imh0dHA6Ly8xMjcuMC4wLjE6ODAwMC9hZG1pbi9hZGRyZXNzZXMiO31zOjY6Il9mbGFzaCI7YToyOntzOjM6Im9sZCI7YTowOnt9czozOiJuZXciO2E6MDp7fX1zOjUwOiJsb2dpbl93ZWJfNTliYTM2YWRkYzJiMmY5NDAxNTgwZjAxNGM3ZjU4ZWE0ZTMwOTg5ZCI7aTozO3M6MTc6InBhc3N3b3JkX2hhc2hfd2ViIjtzOjYwOiIkMnkkMTIkLkNNa3ljQmVTRmx4TjlmcC44My9tZWNtQXcwbE5zUUQuVm0xbGxyTDJlcktwdS9SU3NYSnUiO30=', 1747314279),
	('Y5EEIIRyXn04T5hRgw85lFS5mQzp7k5vVXcRn3cr', 6, '127.0.0.1', 'Mozilla/5.0 (Windows NT 10.0; Win64; x64) AppleWebKit/537.36 (KHTML, like Gecko) Chrome/136.0.0.0 Safari/537.36', 'YTo2OntzOjY6Il90b2tlbiI7czo0MDoiNVlmY1ZUcktPaTZTajNuWEJTbkIwS0R3OWVlbmxkREw1ZnU3SGRUcyI7czo2OiJfZmxhc2giO2E6Mjp7czozOiJvbGQiO2E6MDp7fXM6MzoibmV3IjthOjA6e319czo5OiJfcHJldmlvdXMiO2E6MTp7czozOiJ1cmwiO3M6MzM6Imh0dHA6Ly8xMjcuMC4wLjE6ODAwMC9hZG1pbi91c2VycyI7fXM6NTA6ImxvZ2luX3dlYl81OWJhMzZhZGRjMmIyZjk0MDE1ODBmMDE0YzdmNThlYTRlMzA5ODlkIjtpOjY7czoxNzoicGFzc3dvcmRfaGFzaF93ZWIiO3M6NjA6IiQyeSQxMiROUUk5TjREaXUzODJMaEwyemdzekxPektxUEsxV0EzcGlad1pES1J5LzJMZ254U0NwVDhQLiI7czo4OiJmaWxhbWVudCI7YTowOnt9fQ==', 1747314302);

-- Copiando estrutura para tabela chamadosv2.suppliers
DROP TABLE IF EXISTS `suppliers`;
CREATE TABLE IF NOT EXISTS `suppliers` (
  `id` bigint unsigned NOT NULL AUTO_INCREMENT,
  `corporate_name` varchar(255) COLLATE utf8mb4_unicode_ci NOT NULL,
  `trade_name` varchar(255) COLLATE utf8mb4_unicode_ci DEFAULT NULL,
  `cnpj` varchar(255) CHARACTER SET utf8mb4 COLLATE utf8mb4_unicode_ci DEFAULT NULL,
  `state_registration` varchar(255) COLLATE utf8mb4_unicode_ci DEFAULT NULL,
  `address_id` bigint unsigned DEFAULT NULL,
  `cell_phone` varchar(255) COLLATE utf8mb4_unicode_ci DEFAULT NULL,
  `email` varchar(255) COLLATE utf8mb4_unicode_ci DEFAULT NULL,
  `is_active` tinyint(1) NOT NULL DEFAULT '1',
  `company_id` bigint unsigned NOT NULL,
  `created_at` timestamp NULL DEFAULT NULL,
  `updated_at` timestamp NULL DEFAULT NULL,
  PRIMARY KEY (`id`),
  UNIQUE KEY `suppliers_cnpj_unique` (`cnpj`),
  KEY `suppliers_address_id_foreign` (`address_id`),
  KEY `suppliers_company_id_foreign` (`company_id`),
  CONSTRAINT `suppliers_address_id_foreign` FOREIGN KEY (`address_id`) REFERENCES `addresses` (`id`) ON DELETE SET NULL,
  CONSTRAINT `suppliers_company_id_foreign` FOREIGN KEY (`company_id`) REFERENCES `companies` (`id`) ON DELETE CASCADE
) ENGINE=InnoDB AUTO_INCREMENT=115 DEFAULT CHARSET=utf8mb4 COLLATE=utf8mb4_unicode_ci;

-- Copiando dados para a tabela chamadosv2.suppliers: ~7 rows (aproximadamente)
DELETE FROM `suppliers`;
INSERT INTO `suppliers` (`id`, `corporate_name`, `trade_name`, `cnpj`, `state_registration`, `address_id`, `cell_phone`, `email`, `is_active`, `company_id`, `created_at`, `updated_at`) VALUES
	(4, 'ZARDO MANUTENÇÃO E ASSISTENCIA TECNICA ODONTO HOSPITALAR LTDA', 'ZARDO MANUTENÇÃO E ASSISTENCIA TECNICA ODONTO HOSPITALAR LTDA', NULL, NULL, NULL, NULL, 'jaisonzardo@hotmail.com', 1, 1, '2024-06-05 04:04:21', NULL),
	(5, 'CLIMATIZAÇÃO NOVA CLIMA LTDA', 'CLIMATIZAÇÃO NOVA CLIMA LTDA', NULL, NULL, NULL, NULL, 'novaclima@live.com', 1, 1, '2024-06-06 04:04:24', NULL),
	(6, 'ALMOXARIFADO CENTRAL DA SAÚDE', 'ALMOXARIFADO CENTRAL DA SAÚDE', NULL, NULL, NULL, NULL, NULL, 1, 1, '2024-06-06 04:04:24', NULL),
	(7, 'VIDRAÇARIA MEDEIROS', 'VIDRAÇARIA MEDEIROS', NULL, NULL, NULL, NULL, 'vidros@medeirosengenharia.com.br', 1, 1, '2024-07-31 18:08:43', '2024-07-31 18:08:43'),
	(8, 'PENDENTE - JEOVA', 'PENDENTE - JEOVA', NULL, NULL, NULL, NULL, NULL, 1, 1, '2024-10-14 17:18:15', '2024-10-14 17:18:15'),
	(9, 'JLM CLIMATIZAÇÃO LTDA', 'JLM CLIMATIZAÇÃO', NULL, NULL, NULL, NULL, 'jetrefrigeracao2018@outlook.com', 1, 1, '2025-02-04 17:05:12', '2025-02-04 17:05:12'),
	(10, 'BOX SERVIÇOS E TERCEIRIZAÇÃO', 'BOX SERVIÇOS AR CONDICIONADOS', NULL, NULL, NULL, NULL, 'ordemdeservico@boxservicos.com.br', 1, 1, '2025-02-04 17:08:09', '2025-02-04 17:08:09');

-- Copiando estrutura para tabela chamadosv2.users
DROP TABLE IF EXISTS `users`;
CREATE TABLE IF NOT EXISTS `users` (
  `id` bigint unsigned NOT NULL AUTO_INCREMENT,
  `name` varchar(255) COLLATE utf8mb4_unicode_ci NOT NULL,
  `email` varchar(255) COLLATE utf8mb4_unicode_ci NOT NULL,
  `email_verified_at` timestamp NULL DEFAULT NULL,
  `password` varchar(255) COLLATE utf8mb4_unicode_ci NOT NULL,
  `remember_token` varchar(100) COLLATE utf8mb4_unicode_ci DEFAULT NULL,
  `created_at` timestamp NULL DEFAULT NULL,
  `updated_at` timestamp NULL DEFAULT NULL,
  `company_id` bigint unsigned DEFAULT NULL,
  PRIMARY KEY (`id`),
  UNIQUE KEY `users_email_unique` (`email`),
  KEY `users_company_id_foreign` (`company_id`),
  CONSTRAINT `users_company_id_foreign` FOREIGN KEY (`company_id`) REFERENCES `companies` (`id`) ON DELETE SET NULL
) ENGINE=InnoDB AUTO_INCREMENT=7 DEFAULT CHARSET=utf8mb4 COLLATE=utf8mb4_unicode_ci;

-- Copiando dados para a tabela chamadosv2.users: ~3 rows (aproximadamente)
DELETE FROM `users`;
INSERT INTO `users` (`id`, `name`, `email`, `email_verified_at`, `password`, `remember_token`, `created_at`, `updated_at`, `company_id`) VALUES
	(2, 'GERENTE', 'gerente@gerente.com', NULL, '$2y$12$NQI9N4Diu382LhL2zgszLOzKqPK1WA3piZwZDKRy/2LgnxSCpT8P.', NULL, '2025-05-12 21:48:57', '2025-05-15 02:32:04', 1),
	(3, 'TESTE', 'teste@gmail.com', NULL, '$2y$12$.CMkycBeSFlxN9fp.83/mecmAw0lNsQD.Vm1llrL2erKpu/RSsXJu', NULL, '2025-05-12 22:21:58', '2025-05-15 02:21:28', 1),
	(6, 'JEOVÁ OLIVEIRA DOS SANTOS', 'jeovacnp2012@gmail.com', NULL, '$2y$12$NQI9N4Diu382LhL2zgszLOzKqPK1WA3piZwZDKRy/2LgnxSCpT8P.', NULL, '2025-05-13 01:13:51', '2025-05-15 02:09:44', NULL);

/*!40103 SET TIME_ZONE=IFNULL(@OLD_TIME_ZONE, 'system') */;
/*!40101 SET SQL_MODE=IFNULL(@OLD_SQL_MODE, '') */;
/*!40014 SET FOREIGN_KEY_CHECKS=IFNULL(@OLD_FOREIGN_KEY_CHECKS, 1) */;
/*!40101 SET CHARACTER_SET_CLIENT=@OLD_CHARACTER_SET_CLIENT */;
/*!40111 SET SQL_NOTES=IFNULL(@OLD_SQL_NOTES, 1) */;
